player,nationality,age,minutes_90s,passes,passes_live,passes_dead,passes_free_kicks,through_balls,passes_pressure,passes_switches,crosses,corner_kicks,corner_kicks_in,corner_kicks_out,corner_kicks_straight,passes_ground,passes_low,passes_high,passes_left_foot,passes_right_foot,passes_head,throw_ins,passes_other_body,passes_completed,passes_offsides,passes_oob,passes_intercepted,passes_blocked,team,Pos1,Pos2
Pierre-Emerick Aubameyang,ga GAB,30.0,34.8,888.0,856.0,32.0,0.0,1.0,243.0,10.0,86,2.0,0.0,0.0,0.0,558.0,173.0,157.0,99.0,735.0,23.0,2.0,3.0,612.0,2.0,23.0,23.0,50.0,Arsenal,FW,
David Luiz,br BRA,32.0,31.2,1713.0,1611.0,102.0,98.0,6.0,251.0,72.0,5,0.0,0.0,0.0,0.0,1235.0,161.0,317.0,409.0,1228.0,48.0,4.0,10.0,1481.0,7.0,31.0,9.0,14.0,Arsenal,DF,
Bernd Leno,de GER,27.0,29.4,990.0,680.0,310.0,59.0,0.0,127.0,22.0,0,0.0,0.0,0.0,0.0,612.0,52.0,326.0,153.0,631.0,4.0,0.0,174.0,742.0,5.0,22.0,3.0,1.0,Arsenal,GK,
Granit Xhaka,ch SUI,26.0,28.7,1886.0,1822.0,64.0,52.0,3.0,379.0,76.0,16,0.0,0.0,0.0,0.0,1330.0,288.0,268.0,1477.0,281.0,80.0,12.0,4.0,1656.0,8.0,21.0,24.0,26.0,Arsenal,MF,
Nicolas Pépé,ci CIV,24.0,22.3,803.0,722.0,81.0,11.0,3.0,177.0,32.0,108,63.0,26.0,19.0,8.0,576.0,81.0,146.0,683.0,79.0,20.0,7.0,3.0,616.0,1.0,14.0,11.0,36.0,Arsenal,FW,
Alexandre Lacazette,fr FRA,28.0,20.8,499.0,458.0,41.0,1.0,4.0,125.0,9.0,15,0.0,0.0,0.0,0.0,337.0,98.0,64.0,73.0,405.0,9.0,0.0,4.0,387.0,0.0,14.0,10.0,24.0,Arsenal,FW,
Bukayo Saka,eng ENG,17.0,19.5,844.0,718.0,126.0,13.0,2.0,176.0,19.0,67,11.0,3.0,4.0,3.0,529.0,178.0,137.0,575.0,144.0,16.0,102.0,0.0,659.0,4.0,20.0,20.0,37.0,Arsenal,DF,FW
Mattéo Guendouzi,fr FRA,20.0,19.4,1144.0,1108.0,36.0,26.0,3.0,224.0,29.0,6,1.0,0.0,0.0,0.0,929.0,112.0,103.0,62.0,1032.0,34.0,8.0,5.0,1018.0,3.0,6.0,18.0,32.0,Arsenal,MF,
Sead Kolašinac,ba BIH,26.0,18.9,1031.0,917.0,114.0,3.0,0.0,157.0,10.0,29,0.0,0.0,0.0,0.0,703.0,154.0,174.0,739.0,104.0,59.0,111.0,3.0,869.0,4.0,17.0,14.0,25.0,Arsenal,DF,
Sokratis Papastathopoulos,gr GRE,31.0,18.8,973.0,932.0,41.0,31.0,0.0,150.0,42.0,1,0.0,0.0,0.0,0.0,748.0,103.0,122.0,34.0,893.0,17.0,10.0,2.0,873.0,2.0,10.0,5.0,7.0,Arsenal,DF,
Dani Ceballos,es ESP,22.0,18.8,1301.0,1199.0,102.0,35.0,4.0,200.0,54.0,72,63.0,12.0,19.0,9.0,949.0,149.0,203.0,73.0,1198.0,16.0,4.0,3.0,1096.0,3.0,17.0,19.0,36.0,Arsenal,MF,
Mesut Özil,de GER,30.0,16.0,891.0,801.0,90.0,30.0,0.0,181.0,17.0,71,57.0,15.0,22.0,13.0,644.0,116.0,131.0,778.0,94.0,10.0,0.0,7.0,754.0,5.0,5.0,12.0,22.0,Arsenal,MF,
Lucas Torreira,uy URU,23.0,16.8,906.0,867.0,39.0,25.0,1.0,182.0,10.0,12,12.0,3.0,3.0,3.0,616.0,147.0,143.0,87.0,749.0,59.0,2.0,2.0,793.0,2.0,7.0,10.0,17.0,Arsenal,MF,
Ainsley Maitland-Niles,eng ENG,21.0,15.4,999.0,816.0,183.0,18.0,0.0,159.0,14.0,17,0.0,0.0,0.0,0.0,630.0,231.0,138.0,128.0,673.0,21.0,165.0,6.0,825.0,1.0,24.0,24.0,31.0,Arsenal,DF,
Shkodran Mustafi,de GER,27.0,13.4,790.0,773.0,17.0,16.0,0.0,109.0,29.0,2,0.0,0.0,0.0,0.0,592.0,66.0,132.0,33.0,682.0,48.0,1.0,4.0,663.0,0.0,15.0,4.0,14.0,Arsenal,DF,
Héctor Bellerín,es ESP,24.0,12.9,686.0,557.0,129.0,16.0,2.0,98.0,5.0,26,0.0,0.0,0.0,0.0,420.0,159.0,107.0,50.0,488.0,26.0,113.0,0.0,558.0,2.0,8.0,11.0,29.0,Arsenal,DF,
Calum Chambers,eng ENG,24.0,12.2,865.0,773.0,92.0,8.0,0.0,159.0,15.0,34,0.0,0.0,0.0,0.0,594.0,144.0,127.0,54.0,684.0,27.0,83.0,1.0,702.0,1.0,10.0,9.0,31.0,Arsenal,DF,
Kieran Tierney,sco SCO,22.0,11.0,544.0,457.0,87.0,7.0,1.0,75.0,12.0,44,0.0,0.0,0.0,0.0,304.0,111.0,129.0,379.0,50.0,30.0,80.0,0.0,414.0,3.0,16.0,4.0,21.0,Arsenal,DF,
Joe Willock,eng ENG,19.0,9.5,368.0,358.0,10.0,1.0,0.0,72.0,8.0,7,6.0,1.0,0.0,0.0,272.0,46.0,50.0,42.0,301.0,14.0,2.0,4.0,299.0,5.0,6.0,6.0,8.0,Arsenal,MF,FW
Emiliano Martínez,ar ARG,26.0,8.6,293.0,211.0,82.0,21.0,1.0,29.0,7.0,0,0.0,0.0,0.0,0.0,171.0,10.0,112.0,33.0,190.0,1.0,0.0,46.0,212.0,0.0,14.0,0.0,1.0,Arsenal,GK,
Eddie Nketiah,eng ENG,20.0,7.0,140.0,129.0,11.0,0.0,0.0,22.0,0.0,1,0.0,0.0,0.0,0.0,111.0,17.0,12.0,22.0,109.0,6.0,0.0,1.0,111.0,0.0,2.0,3.0,7.0,Arsenal,FW,
Reiss Nelson,eng ENG,19.0,7.0,234.0,214.0,20.0,4.0,1.0,51.0,9.0,26,14.0,6.0,6.0,0.0,164.0,35.0,35.0,31.0,198.0,3.0,1.0,1.0,186.0,0.0,2.0,8.0,9.0,Arsenal,FW,
Martinelli,br BRA,18.0,7.4,138.0,136.0,2.0,1.0,1.0,41.0,1.0,22,0.0,0.0,0.0,0.0,78.0,32.0,28.0,23.0,102.0,7.0,1.0,1.0,86.0,0.0,0.0,5.0,13.0,Arsenal,FW,
Rob Holding,eng ENG,23.0,6.5,338.0,329.0,9.0,8.0,1.0,39.0,12.0,0,0.0,0.0,0.0,0.0,269.0,20.0,49.0,41.0,275.0,14.0,1.0,0.0,292.0,2.0,10.0,3.0,2.0,Arsenal,DF,
Nacho Monreal,es ESP,33.0,3.0,201.0,175.0,26.0,1.0,0.0,41.0,1.0,4,0.0,0.0,0.0,0.0,145.0,38.0,18.0,162.0,11.0,1.0,25.0,1.0,182.0,1.0,0.0,1.0,5.0,Arsenal,DF,
Cédric Soares,pt POR,27.0,2.8,133.0,112.0,21.0,3.0,0.0,16.0,6.0,18,0.0,0.0,0.0,0.0,66.0,29.0,38.0,19.0,83.0,10.0,18.0,1.0,94.0,0.0,1.0,1.0,7.0,Arsenal,DF,
Pablo Marí,es ESP,25.0,1.3,91.0,90.0,1.0,1.0,0.0,4.0,3.0,0,0.0,0.0,0.0,0.0,61.0,15.0,15.0,80.0,9.0,2.0,0.0,0.0,81.0,0.0,2.0,0.0,1.0,Arsenal,DF,
Henrikh Mkhitaryan,am ARM,30.0,1.2,77.0,73.0,4.0,1.0,2.0,13.0,3.0,4,2.0,0.0,2.0,0.0,62.0,6.0,9.0,20.0,52.0,2.0,1.0,0.0,58.0,2.0,3.0,0.0,5.0,Arsenal,FW,
Emile Smith-Rowe,eng ENG,19.0,1.1,36.0,36.0,0.0,0.0,0.0,8.0,1.0,1,0.0,0.0,0.0,0.0,27.0,6.0,3.0,3.0,32.0,1.0,0.0,0.0,30.0,0.0,1.0,1.0,1.0,Arsenal,MF,
Jack Grealish,eng ENG,23.0,35.9,1538.0,1335.0,203.0,74.0,5.0,345.0,83.0,140,78.0,48.0,6.0,9.0,1071.0,214.0,253.0,103.0,1363.0,20.0,30.0,7.0,1217.0,5.0,24.0,27.0,50.0,Aston Villa,FW,MF
Tyrone Mings,eng ENG,26.0,32.2,1333.0,1283.0,50.0,47.0,2.0,193.0,58.0,8,0.0,0.0,0.0,0.0,890.0,128.0,315.0,1071.0,157.0,67.0,3.0,3.0,1055.0,3.0,42.0,16.0,23.0,Aston Villa,DF,
Douglas Luiz,br BRA,21.0,29.0,1216.0,1151.0,65.0,44.0,2.0,177.0,58.0,24,3.0,0.0,1.0,0.0,696.0,246.0,274.0,123.0,979.0,70.0,6.0,13.0,984.0,2.0,28.0,14.0,12.0,Aston Villa,MF,
John McGinn,sco SCO,24.0,25.7,772.0,700.0,72.0,30.0,3.0,168.0,74.0,64,25.0,16.0,4.0,2.0,446.0,113.0,213.0,550.0,174.0,25.0,4.0,4.0,584.0,7.0,17.0,10.0,23.0,Aston Villa,MF,
Matt Targett,eng ENG,23.0,25.5,1219.0,978.0,241.0,33.0,0.0,218.0,34.0,81,10.0,7.0,0.0,2.0,605.0,290.0,324.0,789.0,133.0,77.0,198.0,5.0,894.0,4.0,25.0,18.0,41.0,Aston Villa,DF,
Anwar El Ghazi,nl NED,24.0,22.8,615.0,574.0,41.0,3.0,0.0,154.0,30.0,106,17.0,7.0,5.0,0.0,331.0,134.0,150.0,95.0,450.0,29.0,16.0,4.0,402.0,4.0,28.0,9.0,47.0,Aston Villa,FW,MF
Ezri Konsa,eng ENG,21.0,22.7,853.0,748.0,105.0,18.0,0.0,118.0,18.0,13,0.0,0.0,0.0,0.0,498.0,138.0,217.0,83.0,600.0,44.0,87.0,5.0,674.0,0.0,20.0,10.0,15.0,Aston Villa,DF,
Frederic Guilbert,fr FRA,24.0,22.7,1026.0,807.0,219.0,13.0,1.0,139.0,26.0,91,1.0,0.0,0.0,0.0,439.0,225.0,362.0,94.0,629.0,68.0,205.0,7.0,687.0,8.0,35.0,18.0,51.0,Aston Villa,DF,
Wesley Moraes,br BRA,22.0,19.8,377.0,361.0,16.0,0.0,0.0,115.0,12.0,7,0.0,0.0,0.0,0.0,221.0,94.0,62.0,16.0,282.0,33.0,2.0,10.0,277.0,3.0,6.0,6.0,11.0,Aston Villa,FW,
Trézéguet,eg EGY,24.0,21.7,445.0,425.0,20.0,2.0,1.0,90.0,22.0,65,10.0,5.0,2.0,0.0,254.0,86.0,105.0,22.0,361.0,28.0,8.0,9.0,295.0,2.0,17.0,11.0,23.0,Aston Villa,FW,MF
Tom Heaton,eng ENG,33.0,19.9,614.0,342.0,272.0,76.0,0.0,62.0,17.0,0,0.0,0.0,0.0,0.0,210.0,22.0,382.0,28.0,461.0,1.0,0.0,95.0,350.0,2.0,22.0,1.0,0.0,Aston Villa,GK,
Marvelous Nakamba,zw ZIM,25.0,20.4,792.0,768.0,24.0,20.0,0.0,172.0,17.0,3,0.0,0.0,0.0,0.0,600.0,102.0,90.0,636.0,103.0,34.0,3.0,2.0,669.0,2.0,15.0,13.0,11.0,Aston Villa,MF,
Conor Hourihane,ie IRL,28.0,17.0,721.0,564.0,157.0,72.0,2.0,91.0,35.0,112,55.0,22.0,19.0,0.0,455.0,101.0,165.0,626.0,55.0,18.0,11.0,2.0,542.0,2.0,15.0,12.0,23.0,Aston Villa,MF,
Kortney Hause,eng ENG,24.0,17.2,789.0,743.0,46.0,25.0,0.0,141.0,26.0,0,0.0,0.0,0.0,0.0,418.0,125.0,246.0,569.0,77.0,61.0,21.0,1.0,591.0,4.0,20.0,12.0,15.0,Aston Villa,DF,
Björn Engels,be BEL,24.0,16.1,605.0,586.0,19.0,17.0,0.0,91.0,29.0,2,0.0,0.0,0.0,0.0,399.0,68.0,138.0,53.0,491.0,31.0,2.0,1.0,503.0,2.0,9.0,5.0,4.0,Aston Villa,DF,
Pepe Reina,es ESP,36.0,12.0,395.0,254.0,141.0,48.0,0.0,47.0,16.0,0,0.0,0.0,0.0,0.0,139.0,28.0,228.0,33.0,290.0,0.0,0.0,47.0,272.0,3.0,13.0,1.0,0.0,Aston Villa,GK,
Neil Taylor,wal WAL,30.0,12.1,513.0,414.0,99.0,6.0,0.0,94.0,4.0,9,0.0,0.0,0.0,0.0,286.0,128.0,99.0,276.0,123.0,16.0,93.0,0.0,410.0,2.0,9.0,5.0,14.0,Aston Villa,DF,
Ahmed Elmohamady,eg EGY,31.0,11.5,633.0,533.0,100.0,6.0,0.0,102.0,12.0,58,0.0,0.0,0.0,0.0,304.0,136.0,193.0,7.0,482.0,30.0,94.0,1.0,484.0,3.0,9.0,18.0,14.0,Aston Villa,DF,
Mbwana Samatta,tz TAN,26.0,10.5,179.0,171.0,8.0,0.0,1.0,51.0,1.0,3,0.0,0.0,0.0,0.0,94.0,36.0,49.0,22.0,103.0,21.0,1.0,6.0,127.0,0.0,4.0,3.0,6.0,Aston Villa,FW,
Ørjan Nyland,no NOR,28.0,6.0,182.0,111.0,71.0,18.0,0.0,10.0,3.0,0,0.0,0.0,0.0,0.0,62.0,13.0,107.0,15.0,133.0,0.0,0.0,28.0,105.0,1.0,8.0,1.0,1.0,Aston Villa,GK,
Keinan Davis,eng ENG,21.0,6.1,141.0,135.0,6.0,0.0,0.0,56.0,0.0,1,0.0,0.0,0.0,0.0,101.0,22.0,18.0,98.0,20.0,6.0,1.0,2.0,107.0,0.0,3.0,1.0,5.0,Aston Villa,FW,
Jota,es ESP,28.0,3.7,98.0,93.0,5.0,2.0,3.0,24.0,1.0,2,1.0,1.0,0.0,0.0,63.0,14.0,21.0,83.0,10.0,3.0,2.0,0.0,73.0,1.0,1.0,2.0,2.0,Aston Villa,FW,MF
Danny Drinkwater,eng ENG,29.0,2.9,167.0,163.0,4.0,4.0,0.0,32.0,7.0,1,0.0,0.0,0.0,0.0,96.0,44.0,27.0,35.0,126.0,3.0,0.0,0.0,136.0,0.0,5.0,2.0,6.0,Aston Villa,MF,
Henri Lansbury,eng ENG,28.0,2.2,81.0,80.0,1.0,0.0,0.0,15.0,6.0,1,0.0,0.0,0.0,0.0,46.0,15.0,20.0,7.0,62.0,10.0,0.0,1.0,60.0,0.0,3.0,1.0,3.0,Aston Villa,MF,
Jed Steer,eng ENG,26.0,0.1,2.0,1.0,1.0,0.0,0.0,0.0,0.0,0,0.0,0.0,0.0,0.0,1.0,0.0,1.0,2.0,0.0,0.0,0.0,0.0,1.0,0.0,0.0,0.0,0.0,Aston Villa,GK,
Jonathan Kodjia,ci CIV,29.0,1.3,30.0,24.0,6.0,0.0,0.0,7.0,0.0,0,0.0,0.0,0.0,0.0,21.0,4.0,5.0,2.0,24.0,1.0,0.0,0.0,19.0,0.0,1.0,1.0,1.0,Aston Villa,FW,MF
Indiana Vassilev,us USA,18.0,0.6,11.0,10.0,1.0,0.0,0.0,5.0,0.0,0,0.0,0.0,0.0,0.0,9.0,0.0,2.0,6.0,3.0,1.0,1.0,0.0,8.0,0.0,0.0,1.0,1.0,Aston Villa,FW,MF
Borja Bastón,es ESP,26.0,0.2,5.0,5.0,0.0,0.0,0.0,2.0,0.0,0,0.0,0.0,0.0,0.0,2.0,1.0,2.0,0.0,4.0,0.0,0.0,0.0,4.0,0.0,0.0,0.0,0.0,Aston Villa,MF,FW
Aaron Ramsdale,eng ENG,21.0,37.0,1124.0,702.0,422.0,133.0,1.0,107.0,33.0,1,0.0,0.0,0.0,0.0,423.0,50.0,651.0,57.0,813.0,1.0,0.0,184.0,648.0,4.0,46.0,3.0,5.0,Bournemouth,GK,
Callum Wilson,eng ENG,27.0,32.3,535.0,508.0,27.0,0.0,5.0,164.0,9.0,21,0.0,0.0,0.0,0.0,277.0,164.0,94.0,58.0,385.0,33.0,1.0,17.0,345.0,2.0,8.0,9.0,47.0,Bournemouth,FW,
Jefferson Lerma,co COL,24.0,30.0,1377.0,1348.0,29.0,24.0,0.0,281.0,39.0,6,0.0,0.0,0.0,0.0,816.0,246.0,315.0,143.0,1080.0,110.0,5.0,2.0,1092.0,4.0,34.0,21.0,24.0,Bournemouth,MF,
Philip Billing,dk DEN,23.0,28.1,1179.0,1120.0,59.0,20.0,4.0,283.0,20.0,15,0.0,0.0,0.0,0.0,700.0,218.0,261.0,828.0,130.0,100.0,39.0,5.0,878.0,5.0,41.0,19.0,29.0,Bournemouth,MF,
Nathan Aké,nl NED,24.0,27.8,1183.0,1130.0,53.0,33.0,1.0,150.0,15.0,4,0.0,0.0,0.0,0.0,852.0,134.0,197.0,840.0,209.0,92.0,20.0,1.0,1042.0,2.0,11.0,5.0,13.0,Bournemouth,DF,
Steve Cook,eng ENG,28.0,27.0,1222.0,1163.0,59.0,41.0,2.0,177.0,20.0,2,0.0,0.0,0.0,0.0,755.0,155.0,312.0,43.0,1017.0,95.0,18.0,0.0,993.0,4.0,22.0,7.0,12.0,Bournemouth,DF,
Diego Rico,es ESP,26.0,25.9,1482.0,1102.0,380.0,61.0,4.0,205.0,38.0,174,72.0,36.0,23.0,6.0,643.0,367.0,472.0,1060.0,70.0,84.0,247.0,2.0,1011.0,5.0,40.0,35.0,63.0,Bournemouth,DF,
Adam Smith,eng ENG,28.0,22.8,1061.0,856.0,205.0,21.0,1.0,178.0,13.0,28,1.0,1.0,0.0,0.0,597.0,201.0,263.0,67.0,734.0,50.0,183.0,2.0,845.0,3.0,22.0,13.0,38.0,Bournemouth,DF,
Joshua King,no NOR,27.0,22.3,498.0,485.0,13.0,1.0,4.0,145.0,5.0,23,1.0,0.0,0.0,0.0,324.0,103.0,71.0,47.0,396.0,17.0,2.0,6.0,362.0,2.0,9.0,14.0,31.0,Bournemouth,FW,MF
Ryan Fraser,sco SCO,25.0,23.0,950.0,818.0,132.0,35.0,9.0,205.0,29.0,173,64.0,25.0,20.0,8.0,516.0,180.0,254.0,195.0,697.0,27.0,19.0,5.0,648.0,4.0,18.0,16.0,38.0,Bournemouth,MF,FW
Harry Wilson,wal WAL,22.0,18.3,609.0,552.0,57.0,10.0,7.0,134.0,30.0,35,20.0,12.0,0.0,1.0,368.0,119.0,122.0,511.0,61.0,20.0,9.0,3.0,454.0,0.0,11.0,17.0,34.0,Bournemouth,MF,FW
Dominic Solanke,eng ENG,21.0,18.3,429.0,404.0,25.0,1.0,0.0,136.0,3.0,6,0.0,0.0,0.0,0.0,268.0,94.0,67.0,40.0,307.0,37.0,1.0,9.0,317.0,1.0,6.0,9.0,19.0,Bournemouth,FW,MF
Jack Stacey,eng ENG,23.0,17.2,780.0,625.0,155.0,6.0,0.0,156.0,8.0,34,1.0,1.0,0.0,0.0,373.0,191.0,216.0,65.0,497.0,54.0,148.0,1.0,560.0,3.0,13.0,19.0,37.0,Bournemouth,DF,
Lewis Cook,eng ENG,22.0,15.0,719.0,698.0,21.0,12.0,5.0,131.0,18.0,9,1.0,0.0,0.0,0.0,434.0,161.0,124.0,41.0,633.0,24.0,7.0,1.0,560.0,5.0,11.0,14.0,24.0,Bournemouth,MF,
Dan Gosling,eng ENG,29.0,14.0,510.0,500.0,10.0,4.0,0.0,124.0,6.0,3,0.0,0.0,0.0,0.0,325.0,111.0,74.0,50.0,415.0,26.0,1.0,2.0,405.0,1.0,12.0,10.0,21.0,Bournemouth,MF,
Simon Francis,eng ENG,34.0,10.8,544.0,504.0,40.0,11.0,1.0,123.0,18.0,16,0.0,0.0,0.0,0.0,272.0,126.0,146.0,48.0,403.0,34.0,29.0,2.0,425.0,0.0,10.0,9.0,6.0,Bournemouth,DF,
Chris Mepham,wal WAL,21.0,10.1,483.0,475.0,8.0,8.0,0.0,86.0,13.0,3,0.0,0.0,0.0,0.0,363.0,37.0,83.0,55.0,377.0,29.0,0.0,4.0,414.0,1.0,12.0,4.0,4.0,Bournemouth,DF,
David Brooks,wal WAL,22.0,5.6,179.0,157.0,22.0,3.0,1.0,22.0,7.0,24,12.0,6.0,4.0,0.0,93.0,49.0,37.0,132.0,44.0,2.0,1.0,0.0,121.0,1.0,5.0,2.0,8.0,Bournemouth,MF,
Junior Stanislas,eng ENG,29.0,7.9,310.0,275.0,35.0,12.0,1.0,62.0,11.0,37,16.0,8.0,5.0,1.0,190.0,61.0,59.0,26.0,263.0,4.0,6.0,2.0,222.0,1.0,7.0,4.0,15.0,Bournemouth,MF,DF
Lloyd Kelly,eng ENG,20.0,7.1,231.0,194.0,37.0,6.0,0.0,29.0,0.0,6,0.0,0.0,0.0,0.0,129.0,37.0,65.0,161.0,14.0,19.0,31.0,0.0,168.0,1.0,6.0,2.0,7.0,Bournemouth,DF,
Arnaut Groeneveld,nl NED,22.0,7.0,227.0,221.0,6.0,1.0,0.0,63.0,5.0,9,3.0,2.0,1.0,0.0,160.0,41.0,26.0,30.0,184.0,10.0,2.0,0.0,181.0,1.0,4.0,5.0,14.0,Bournemouth,MF,
Andrew Surman,eng ENG,32.0,2.6,127.0,118.0,9.0,7.0,0.0,20.0,7.0,3,2.0,1.0,1.0,0.0,69.0,29.0,29.0,95.0,13.0,15.0,0.0,0.0,102.0,0.0,2.0,1.0,1.0,Bournemouth,MF,
Charlie Daniels,eng ENG,32.0,1.4,49.0,39.0,10.0,4.0,0.0,7.0,4.0,5,0.0,0.0,0.0,0.0,25.0,9.0,15.0,42.0,1.0,0.0,6.0,0.0,35.0,2.0,4.0,0.0,0.0,Bournemouth,DF,
Jack Simpson,eng ENG,22.0,2.7,100.0,86.0,14.0,0.0,0.0,17.0,3.0,0,0.0,0.0,0.0,0.0,53.0,27.0,20.0,68.0,15.0,1.0,14.0,0.0,70.0,1.0,8.0,3.0,3.0,Bournemouth,DF,
Mark Travers,ie IRL,20.0,1.0,32.0,23.0,9.0,1.0,0.0,4.0,0.0,0,0.0,0.0,0.0,0.0,16.0,3.0,13.0,3.0,24.0,0.0,0.0,5.0,23.0,0.0,1.0,0.0,0.0,Bournemouth,GK,
Jordon Ibe,eng ENG,23.0,0.6,22.0,18.0,4.0,1.0,0.0,4.0,1.0,3,1.0,0.0,1.0,0.0,13.0,3.0,6.0,5.0,13.0,2.0,2.0,0.0,17.0,0.0,0.0,0.0,2.0,Bournemouth,DF,
Sam Surridge,eng ENG,21.0,0.3,10.0,10.0,0.0,0.0,1.0,4.0,0.0,1,0.0,0.0,0.0,0.0,4.0,2.0,4.0,1.0,4.0,2.0,0.0,0.0,4.0,1.0,0.0,0.0,0.0,Bournemouth,FW,
Mathew Ryan,au AUS,27.0,38.0,1462.0,1129.0,333.0,59.0,0.0,219.0,47.0,0,0.0,0.0,0.0,0.0,797.0,100.0,565.0,175.0,990.0,3.0,0.0,233.0,1173.0,7.0,47.0,5.0,5.0,Brighton,GK,
Lewis Dunk,eng ENG,27.0,35.9,2192.0,2094.0,98.0,66.0,1.0,262.0,116.0,1,0.0,0.0,0.0,0.0,1529.0,264.0,399.0,137.0,1858.0,106.0,32.0,19.0,1913.0,7.0,51.0,22.0,9.0,Brighton,DF,
Dan Burn,eng ENG,27.0,32.0,1841.0,1565.0,276.0,12.0,1.0,344.0,21.0,52,1.0,0.0,0.0,1.0,999.0,367.0,475.0,1211.0,162.0,111.0,263.0,2.0,1389.0,4.0,43.0,22.0,62.0,Brighton,DF,
Davy Pröpper,nl NED,27.0,31.4,1785.0,1760.0,25.0,18.0,6.0,323.0,34.0,37,0.0,0.0,0.0,0.0,1295.0,272.0,218.0,147.0,1548.0,64.0,4.0,7.0,1483.0,6.0,37.0,40.0,47.0,Brighton,MF,
Adam Webster,eng ENG,24.0,29.6,1824.0,1740.0,84.0,52.0,1.0,298.0,47.0,6,0.0,0.0,0.0,0.0,1269.0,241.0,314.0,333.0,1298.0,105.0,31.0,5.0,1547.0,5.0,26.0,19.0,17.0,Brighton,DF,
Neal Maupay,fr FRA,22.0,30.7,688.0,624.0,64.0,4.0,3.0,181.0,13.0,12,0.0,0.0,0.0,0.0,491.0,145.0,52.0,122.0,507.0,24.0,10.0,14.0,540.0,6.0,8.0,20.0,33.0,Brighton,FW,
Dale Stephens,eng ENG,30.0,28.1,1641.0,1624.0,17.0,12.0,4.0,297.0,58.0,4,0.0,0.0,0.0,0.0,1100.0,284.0,257.0,175.0,1376.0,63.0,4.0,6.0,1421.0,4.0,24.0,26.0,25.0,Brighton,MF,
Aaron Mooy,au AUS,28.0,23.2,1075.0,992.0,83.0,23.0,4.0,229.0,47.0,107,53.0,23.0,21.0,7.0,674.0,180.0,221.0,184.0,850.0,24.0,6.0,3.0,825.0,7.0,14.0,19.0,43.0,Brighton,MF,FW
Martín Montoya,es ESP,28.0,21.1,1255.0,1014.0,241.0,13.0,0.0,214.0,36.0,45,1.0,0.0,1.0,0.0,642.0,326.0,287.0,142.0,824.0,47.0,227.0,1.0,1006.0,2.0,7.0,30.0,44.0,Brighton,DF,
Leandro Trossard,be BEL,24.0,22.3,795.0,752.0,43.0,17.0,3.0,173.0,44.0,76,10.0,5.0,4.0,1.0,447.0,173.0,175.0,174.0,583.0,15.0,13.0,8.0,567.0,3.0,15.0,22.0,45.0,Brighton,FW,MF
Pascal Groß,de GER,28.0,20.0,1028.0,888.0,140.0,48.0,3.0,195.0,66.0,146,80.0,22.0,31.0,19.0,605.0,152.0,271.0,179.0,802.0,26.0,3.0,4.0,762.0,9.0,16.0,16.0,37.0,Brighton,FW,MF
Yves Bissouma,ml MLI,22.0,14.0,622.0,610.0,12.0,10.0,0.0,105.0,24.0,6,0.0,0.0,0.0,0.0,433.0,103.0,86.0,49.0,537.0,17.0,2.0,6.0,525.0,2.0,10.0,10.0,10.0,Brighton,MF,
Aaron Connolly,ie IRL,19.0,14.0,163.0,148.0,15.0,0.0,1.0,50.0,0.0,9,0.0,0.0,0.0,0.0,90.0,52.0,21.0,27.0,107.0,13.0,1.0,6.0,126.0,0.0,1.0,4.0,10.0,Brighton,FW,
Shane Duffy,ie IRL,27.0,13.8,613.0,577.0,36.0,32.0,0.0,98.0,35.0,1,0.0,0.0,0.0,0.0,391.0,86.0,136.0,39.0,482.0,48.0,4.0,8.0,515.0,1.0,16.0,3.0,7.0,Brighton,DF,
Steven Alzate,co COL,20.0,13.2,664.0,609.0,55.0,5.0,1.0,135.0,9.0,9,0.0,0.0,0.0,0.0,471.0,133.0,60.0,30.0,540.0,33.0,50.0,1.0,564.0,1.0,5.0,15.0,16.0,Brighton,MF,DF
Solly March,eng ENG,25.0,12.7,601.0,516.0,85.0,8.0,0.0,129.0,33.0,64,14.0,7.0,3.0,2.0,325.0,115.0,161.0,459.0,45.0,24.0,60.0,3.0,435.0,1.0,15.0,11.0,29.0,Brighton,DF,FW
Glenn Murray,eng ENG,35.0,8.9,177.0,170.0,7.0,1.0,1.0,52.0,3.0,4,0.0,0.0,0.0,0.0,85.0,51.0,41.0,17.0,118.0,15.0,2.0,7.0,116.0,0.0,5.0,1.0,11.0,Brighton,FW,
Bernardo,br BRA,24.0,7.5,383.0,332.0,51.0,1.0,0.0,81.0,1.0,17,0.0,0.0,0.0,0.0,199.0,92.0,92.0,254.0,32.0,25.0,50.0,2.0,286.0,0.0,12.0,9.0,14.0,Brighton,DF,
Tariq Lamptey,eng ENG,18.0,6.5,235.0,188.0,47.0,4.0,0.0,26.0,1.0,22,0.0,0.0,0.0,0.0,125.0,51.0,59.0,52.0,127.0,9.0,43.0,2.0,173.0,0.0,8.0,3.0,15.0,Brighton,DF,
Ezequiel Schelotto,it ITA,30.0,4.0,169.0,129.0,40.0,1.0,0.0,31.0,3.0,16,0.0,0.0,0.0,0.0,71.0,57.0,41.0,12.0,105.0,8.0,39.0,0.0,121.0,0.0,3.0,3.0,7.0,Brighton,DF,
Alexis Mac Allister,ar ARG,20.0,3.9,130.0,99.0,31.0,10.0,0.0,27.0,3.0,23,17.0,8.0,6.0,1.0,72.0,26.0,32.0,15.0,107.0,4.0,0.0,0.0,84.0,0.0,3.0,2.0,4.0,Brighton,MF,FW
Alireza Jahanbakhsh,ir IRN,25.0,3.5,140.0,136.0,4.0,0.0,0.0,21.0,2.0,24,1.0,0.0,0.0,0.0,87.0,31.0,22.0,16.0,116.0,4.0,3.0,1.0,84.0,0.0,5.0,4.0,10.0,Brighton,FW,MF
Jürgen Locadia,nl NED,25.0,1.0,19.0,19.0,0.0,0.0,0.0,10.0,0.0,1,0.0,0.0,0.0,0.0,11.0,3.0,5.0,2.0,14.0,2.0,0.0,0.0,9.0,1.0,0.0,0.0,3.0,Brighton,MF,FW
Florin Andone,ro ROU,26.0,0.8,12.0,11.0,1.0,0.0,0.0,5.0,0.0,0,1.0,0.0,0.0,0.0,8.0,2.0,2.0,2.0,6.0,2.0,0.0,1.0,8.0,0.0,0.0,1.0,1.0,Brighton,MF,FW
Gaëtan Bong,cm CMR,31.0,0.7,35.0,32.0,3.0,1.0,0.0,3.0,1.0,5,0.0,0.0,0.0,0.0,23.0,2.0,10.0,32.0,1.0,0.0,2.0,0.0,24.0,0.0,1.0,1.0,3.0,Brighton,MF,DF
Nick Pope,eng ENG,27.0,38.0,1180.0,718.0,462.0,155.0,1.0,105.0,31.0,0,1.0,1.0,0.0,0.0,217.0,69.0,894.0,59.0,838.0,3.0,1.0,168.0,536.0,8.0,63.0,5.0,4.0,Burnley,GK,
James Tarkowski,eng ENG,26.0,38.0,1250.0,1222.0,28.0,25.0,0.0,245.0,32.0,4,0.0,0.0,0.0,0.0,617.0,210.0,423.0,153.0,839.0,130.0,3.0,6.0,913.0,6.0,49.0,12.0,19.0,Burnley,DF,
Dwight McNeil,eng ENG,19.0,37.1,1277.0,1151.0,126.0,56.0,4.0,295.0,109.0,256,60.0,52.0,4.0,2.0,740.0,159.0,378.0,1145.0,52.0,45.0,9.0,4.0,874.0,9.0,26.0,24.0,73.0,Burnley,MF,
Ashley Westwood,eng ENG,29.0,35.0,1854.0,1653.0,201.0,65.0,10.0,281.0,90.0,146,91.0,80.0,1.0,2.0,1004.0,324.0,526.0,102.0,1663.0,66.0,3.0,5.0,1381.0,11.0,39.0,19.0,36.0,Burnley,MF,
Ben Mee,eng ENG,29.0,32.0,1172.0,1114.0,58.0,53.0,0.0,226.0,37.0,2,0.0,0.0,0.0,0.0,642.0,149.0,381.0,901.0,135.0,73.0,5.0,4.0,875.0,5.0,36.0,8.0,12.0,Burnley,DF,
Jack Cork,eng ENG,30.0,29.0,933.0,926.0,7.0,3.0,3.0,244.0,26.0,6,0.0,0.0,0.0,0.0,589.0,148.0,196.0,101.0,723.0,59.0,4.0,3.0,743.0,6.0,13.0,9.0,16.0,Burnley,MF,
Chris Wood,nz NZL,27.0,27.1,483.0,470.0,13.0,0.0,0.0,163.0,4.0,8,0.0,0.0,0.0,0.0,207.0,152.0,124.0,60.0,249.0,69.0,2.0,20.0,312.0,4.0,12.0,13.0,14.0,Burnley,FW,
Charlie Taylor,eng ENG,25.0,21.6,1035.0,754.0,281.0,11.0,2.0,157.0,25.0,88,0.0,0.0,0.0,0.0,356.0,260.0,419.0,660.0,19.0,57.0,270.0,2.0,726.0,5.0,28.0,9.0,48.0,Burnley,DF,
Jeff Hendrick,ie IRL,27.0,21.5,575.0,548.0,27.0,3.0,0.0,135.0,12.0,31,6.0,6.0,0.0,0.0,370.0,79.0,126.0,60.0,461.0,29.0,7.0,6.0,420.0,5.0,15.0,11.0,40.0,Burnley,MF,
Phil Bardsley,sco SCO,34.0,21.0,897.0,662.0,235.0,16.0,2.0,93.0,23.0,30,0.0,0.0,0.0,0.0,335.0,182.0,380.0,71.0,529.0,60.0,219.0,1.0,599.0,6.0,30.0,6.0,29.0,Burnley,DF,
Erik Pieters,nl NED,30.0,20.9,923.0,737.0,186.0,10.0,2.0,180.0,20.0,41,1.0,1.0,0.0,0.0,455.0,191.0,277.0,623.0,56.0,44.0,175.0,4.0,687.0,4.0,17.0,14.0,34.0,Burnley,DF,MF
Jay Rodriguez,eng ENG,30.0,22.4,495.0,481.0,14.0,2.0,1.0,150.0,10.0,14,0.0,0.0,0.0,0.0,245.0,151.0,99.0,20.0,355.0,45.0,1.0,18.0,345.0,0.0,6.0,10.0,26.0,Burnley,FW,
Matthew Lowton,eng ENG,30.0,17.0,726.0,562.0,164.0,12.0,2.0,144.0,20.0,43,0.0,0.0,0.0,0.0,294.0,162.0,270.0,51.0,477.0,35.0,152.0,2.0,497.0,5.0,20.0,17.0,19.0,Burnley,DF,
Ashley Barnes,at AUT,29.0,15.0,253.0,244.0,9.0,0.0,1.0,97.0,1.0,5,0.0,0.0,0.0,0.0,123.0,59.0,71.0,46.0,142.0,22.0,1.0,8.0,155.0,1.0,10.0,9.0,13.0,Burnley,FW,
Josh Brownhill,eng ENG,23.0,8.9,340.0,332.0,8.0,4.0,0.0,47.0,6.0,2,0.0,0.0,0.0,0.0,206.0,57.0,77.0,41.0,246.0,31.0,3.0,2.0,276.0,3.0,7.0,3.0,3.0,Burnley,MF,
Matěj Vydra,cz CZE,27.0,9.1,138.0,135.0,3.0,0.0,0.0,47.0,0.0,3,0.0,0.0,0.0,0.0,72.0,49.0,17.0,22.0,78.0,20.0,1.0,2.0,102.0,0.0,5.0,1.0,5.0,Burnley,FW,
Jóhann Berg Guðmundsson,is ISL,28.0,6.9,192.0,185.0,7.0,0.0,0.0,40.0,16.0,35,6.0,6.0,0.0,0.0,99.0,33.0,60.0,151.0,28.0,9.0,1.0,0.0,132.0,0.0,3.0,1.0,5.0,Burnley,MF,
Kevin Long,ie IRL,28.0,6.3,186.0,183.0,3.0,2.0,0.0,21.0,4.0,0,0.0,0.0,0.0,0.0,108.0,19.0,59.0,11.0,132.0,29.0,1.0,0.0,142.0,0.0,5.0,0.0,1.0,Burnley,DF,
Robbie Brady,ie IRL,27.0,5.0,167.0,158.0,9.0,3.0,0.0,49.0,4.0,12,4.0,4.0,0.0,0.0,87.0,29.0,51.0,119.0,21.0,14.0,2.0,0.0,108.0,1.0,5.0,6.0,4.0,Burnley,MF,
Aaron Lennon,eng ENG,32.0,5.5,131.0,129.0,2.0,0.0,0.0,32.0,5.0,8,1.0,1.0,0.0,0.0,91.0,21.0,19.0,11.0,112.0,4.0,1.0,0.0,92.0,0.0,3.0,2.0,10.0,Burnley,MF,
Danny Drinkwater,eng ENG,29.0,0.6,20.0,19.0,1.0,1.0,0.0,3.0,1.0,0,0.0,0.0,0.0,0.0,9.0,2.0,9.0,3.0,14.0,3.0,0.0,0.0,11.0,0.0,2.0,0.0,1.0,Burnley,MF,
Max Thompson,eng ENG,17.0,0.0,0.0,0.0,0.0,0.0,0.0,0.0,0.0,0,0.0,0.0,0.0,0.0,0.0,0.0,0.0,0.0,0.0,0.0,0.0,0.0,0.0,0.0,0.0,0.0,0.0,Burnley,FW,
César Azpilicueta,es ESP,29.0,35.9,2838.0,2436.0,402.0,25.0,1.0,401.0,44.0,118,0.0,0.0,0.0,0.0,1720.0,516.0,602.0,280.0,2009.0,109.0,377.0,8.0,2267.0,8.0,40.0,39.0,96.0,Chelsea,DF,
Kepa Arrizabalaga,es ESP,24.0,33.0,1086.0,832.0,254.0,54.0,0.0,119.0,22.0,0,0.0,0.0,0.0,0.0,702.0,62.0,322.0,157.0,772.0,2.0,1.0,145.0,877.0,5.0,14.0,9.0,2.0,Chelsea,GK,
Mason Mount,eng ENG,20.0,31.9,1380.0,1233.0,147.0,52.0,4.0,256.0,58.0,135,80.0,36.0,14.0,10.0,968.0,202.0,210.0,161.0,1165.0,28.0,9.0,6.0,1116.0,5.0,21.0,14.0,48.0,Chelsea,MF,FW
Willian,br BRA,30.0,28.9,1600.0,1464.0,136.0,16.0,5.0,339.0,82.0,175,110.0,27.0,55.0,10.0,1079.0,245.0,276.0,186.0,1356.0,37.0,8.0,5.0,1247.0,4.0,19.0,22.0,49.0,Chelsea,FW,
Jorginho,it ITA,27.0,26.4,2221.0,2163.0,58.0,53.0,5.0,425.0,67.0,9,0.0,0.0,0.0,0.0,1542.0,330.0,349.0,127.0,2028.0,46.0,5.0,5.0,1955.0,6.0,15.0,21.0,19.0,Chelsea,MF,
Kurt Zouma,fr FRA,24.0,26.0,1982.0,1952.0,30.0,25.0,0.0,212.0,90.0,0,0.0,0.0,0.0,0.0,1552.0,140.0,290.0,353.0,1513.0,66.0,5.0,2.0,1772.0,3.0,31.0,13.0,13.0,Chelsea,DF,
Tammy Abraham,eng ENG,21.0,24.6,412.0,360.0,52.0,0.0,0.0,149.0,5.0,10,0.0,0.0,0.0,0.0,259.0,81.0,72.0,31.0,306.0,17.0,0.0,17.0,288.0,1.0,6.0,8.0,26.0,Chelsea,FW,
Mateo Kovačić,hr CRO,25.0,23.0,1846.0,1798.0,48.0,40.0,5.0,337.0,81.0,8,0.0,0.0,0.0,0.0,1441.0,230.0,175.0,80.0,1723.0,25.0,8.0,4.0,1666.0,3.0,14.0,24.0,21.0,Chelsea,MF,
Andreas Christensen,dk DEN,23.0,19.5,1258.0,1224.0,34.0,29.0,1.0,170.0,33.0,0,0.0,0.0,0.0,0.0,1047.0,83.0,128.0,80.0,1108.0,31.0,5.0,3.0,1166.0,3.0,16.0,7.0,6.0,Chelsea,DF,
N'Golo Kanté,fr FRA,28.0,19.2,1140.0,1131.0,9.0,7.0,0.0,241.0,18.0,26,0.0,0.0,0.0,0.0,817.0,173.0,150.0,149.0,920.0,48.0,1.0,7.0,975.0,5.0,13.0,18.0,34.0,Chelsea,MF,
Christian Pulisic,us USA,20.0,19.1,700.0,690.0,10.0,4.0,4.0,212.0,16.0,34,4.0,3.0,0.0,0.0,502.0,105.0,93.0,139.0,521.0,28.0,2.0,2.0,546.0,2.0,10.0,8.0,35.0,Chelsea,FW,
Antonio Rüdiger,de GER,26.0,19.0,1449.0,1416.0,33.0,25.0,0.0,186.0,59.0,7,0.0,0.0,0.0,0.0,1054.0,153.0,242.0,274.0,1079.0,50.0,8.0,6.0,1272.0,6.0,24.0,5.0,13.0,Chelsea,DF,
Reece James,eng ENG,19.0,16.8,1268.0,1077.0,191.0,26.0,3.0,202.0,29.0,110,10.0,4.0,6.0,0.0,802.0,227.0,239.0,104.0,951.0,31.0,155.0,4.0,1055.0,3.0,24.0,10.0,37.0,Chelsea,DF,
Marcos Alonso,es ESP,28.0,15.9,1108.0,941.0,167.0,8.0,0.0,228.0,21.0,67,1.0,1.0,0.0,0.0,674.0,231.0,203.0,788.0,93.0,44.0,158.0,0.0,916.0,1.0,15.0,11.0,30.0,Chelsea,DF,
Fikayo Tomori,eng ENG,21.0,14.3,1098.0,1078.0,20.0,10.0,1.0,130.0,15.0,4,0.0,0.0,0.0,0.0,884.0,73.0,141.0,274.0,765.0,35.0,10.0,0.0,981.0,0.0,17.0,6.0,14.0,Chelsea,DF,
Ross Barkley,eng ENG,25.0,12.3,616.0,606.0,10.0,5.0,2.0,158.0,27.0,12,3.0,1.0,1.0,0.0,476.0,77.0,63.0,82.0,513.0,10.0,2.0,2.0,540.0,2.0,6.0,10.0,8.0,Chelsea,MF,
Emerson Palmieri,it ITA,24.0,11.4,853.0,720.0,133.0,11.0,2.0,146.0,15.0,54,21.0,8.0,3.0,2.0,556.0,151.0,146.0,663.0,43.0,32.0,101.0,1.0,706.0,2.0,9.0,9.0,20.0,Chelsea,DF,
Olivier Giroud,fr FRA,32.0,11.0,306.0,281.0,25.0,0.0,2.0,93.0,1.0,2,0.0,0.0,0.0,0.0,135.0,116.0,55.0,183.0,42.0,37.0,0.0,16.0,207.0,0.0,4.0,8.0,12.0,Chelsea,FW,
Pedro,es ESP,32.0,7.3,331.0,328.0,3.0,1.0,3.0,89.0,9.0,21,1.0,0.0,1.0,0.0,223.0,61.0,47.0,102.0,211.0,13.0,1.0,3.0,259.0,0.0,5.0,6.0,12.0,Chelsea,FW,
Callum Hudson-Odoi,eng ENG,18.0,9.6,476.0,449.0,27.0,2.0,1.0,139.0,30.0,63,18.0,5.0,7.0,0.0,302.0,77.0,97.0,57.0,392.0,16.0,7.0,1.0,384.0,2.0,12.0,7.0,15.0,Chelsea,FW,
Willy Caballero,ar ARG,37.0,5.0,165.0,134.0,31.0,3.0,0.0,15.0,3.0,0,0.0,0.0,0.0,0.0,78.0,6.0,81.0,30.0,112.0,0.0,0.0,15.0,121.0,0.0,2.0,0.0,0.0,Chelsea,GK,
Ruben Loftus-Cheek,eng ENG,23.0,2.3,131.0,129.0,2.0,2.0,1.0,12.0,4.0,1,0.0,0.0,0.0,0.0,104.0,16.0,11.0,14.0,109.0,6.0,0.0,1.0,116.0,0.0,3.0,2.0,1.0,Chelsea,MF,FW
Billy Gilmour,sco SCO,18.0,2.2,169.0,168.0,1.0,1.0,0.0,37.0,7.0,1,0.0,0.0,0.0,0.0,119.0,30.0,20.0,10.0,144.0,12.0,0.0,0.0,151.0,0.0,1.0,2.0,1.0,Chelsea,MF,
Michy Batshuayi,be BEL,25.0,2.7,76.0,70.0,6.0,0.0,0.0,16.0,2.0,0,0.0,0.0,0.0,0.0,53.0,14.0,9.0,23.0,48.0,0.0,0.0,1.0,61.0,0.0,0.0,3.0,3.0,Chelsea,FW,
Tariq Lamptey,eng ENG,18.0,0.4,14.0,9.0,5.0,0.0,1.0,0.0,0.0,2,0.0,0.0,0.0,0.0,5.0,4.0,5.0,4.0,5.0,0.0,5.0,0.0,12.0,0.0,0.0,0.0,2.0,Chelsea,DF,
Faustino Anjorin,eng ENG,17.0,0.2,7.0,7.0,0.0,0.0,0.0,1.0,0.0,0,0.0,0.0,0.0,0.0,7.0,0.0,0.0,0.0,7.0,0.0,0.0,0.0,7.0,0.0,0.0,0.0,0.0,Chelsea,FW,
Armando Broja,al ALB,17.0,0.1,2.0,2.0,0.0,0.0,0.0,2.0,0.0,0,0.0,0.0,0.0,0.0,1.0,1.0,0.0,0.0,1.0,0.0,0.0,1.0,2.0,0.0,0.0,0.0,0.0,Chelsea,FW,
Wilfried Zaha,ci CIV,26.0,36.4,1188.0,1158.0,30.0,1.0,2.0,313.0,30.0,67,0.0,0.0,0.0,0.0,939.0,152.0,97.0,152.0,985.0,12.0,25.0,3.0,935.0,2.0,12.0,34.0,72.0,Crystal Palace,MF,FW
Jordan Ayew,gh GHA,27.0,35.0,838.0,801.0,37.0,2.0,2.0,247.0,10.0,25,1.0,0.0,0.0,0.0,588.0,154.0,96.0,50.0,684.0,31.0,12.0,16.0,686.0,3.0,9.0,18.0,32.0,Crystal Palace,FW,MF
James McArthur,sco SCO,31.0,34.3,1474.0,1404.0,70.0,5.0,4.0,371.0,22.0,42,1.0,0.0,0.0,0.0,994.0,219.0,261.0,351.0,992.0,61.0,30.0,11.0,1153.0,3.0,34.0,23.0,60.0,Crystal Palace,MF,
Vicente Guaita,es ESP,32.0,35.0,1053.0,698.0,355.0,81.0,0.0,114.0,28.0,0,0.0,0.0,0.0,0.0,306.0,68.0,679.0,78.0,732.0,1.0,1.0,164.0,591.0,6.0,49.0,0.0,0.0,Crystal Palace,GK,
Cheikhou Kouyaté,sn SEN,29.0,28.1,860.0,844.0,16.0,10.0,0.0,204.0,6.0,15,0.0,0.0,0.0,0.0,553.0,151.0,156.0,72.0,639.0,73.0,5.0,14.0,653.0,1.0,19.0,15.0,31.0,Crystal Palace,MF,DF
Patrick van Aanholt,nl NED,28.0,27.9,1558.0,1175.0,383.0,62.0,0.0,222.0,35.0,88,45.0,23.0,15.0,3.0,930.0,322.0,306.0,997.0,256.0,21.0,275.0,3.0,1227.0,8.0,14.0,36.0,47.0,Crystal Palace,DF,
Luka Milivojević,rs SRB,28.0,27.9,1506.0,1257.0,249.0,137.0,1.0,241.0,107.0,146,99.0,61.0,25.0,6.0,895.0,208.0,403.0,204.0,1201.0,62.0,6.0,12.0,1161.0,2.0,41.0,21.0,21.0,Crystal Palace,MF,
Joel Ward,eng ENG,29.0,26.5,1260.0,979.0,281.0,14.0,0.0,217.0,19.0,37,0.0,0.0,0.0,0.0,608.0,328.0,324.0,92.0,793.0,72.0,267.0,10.0,932.0,5.0,37.0,29.0,53.0,Crystal Palace,DF,
Gary Cahill,eng ENG,33.0,24.1,953.0,914.0,39.0,36.0,0.0,157.0,26.0,0,0.0,0.0,0.0,0.0,659.0,115.0,179.0,93.0,747.0,63.0,3.0,7.0,826.0,0.0,20.0,3.0,9.0,Crystal Palace,DF,
James Tomkins,eng ENG,30.0,17.6,626.0,597.0,29.0,26.0,0.0,106.0,24.0,1,0.0,0.0,0.0,0.0,377.0,96.0,153.0,81.0,474.0,34.0,3.0,0.0,505.0,2.0,14.0,6.0,5.0,Crystal Palace,DF,
Martin Kelly,eng ENG,29.0,17.2,669.0,541.0,128.0,13.0,0.0,124.0,9.0,20,0.0,0.0,0.0,0.0,337.0,143.0,189.0,65.0,448.0,27.0,115.0,1.0,493.0,3.0,16.0,20.0,19.0,Crystal Palace,DF,
James McCarthy,ie IRL,28.0,18.7,818.0,746.0,72.0,41.0,0.0,138.0,50.0,35,22.0,14.0,6.0,2.0,466.0,133.0,219.0,218.0,528.0,45.0,6.0,10.0,630.0,3.0,27.0,11.0,22.0,Crystal Palace,MF,
Andros Townsend,eng ENG,28.0,14.4,460.0,431.0,29.0,8.0,2.0,119.0,21.0,66,9.0,7.0,0.0,0.0,286.0,63.0,111.0,333.0,113.0,1.0,9.0,1.0,325.0,2.0,12.0,7.0,23.0,Crystal Palace,MF,
Scott Dann,eng ENG,32.0,14.1,555.0,526.0,29.0,28.0,0.0,70.0,14.0,2,0.0,0.0,0.0,0.0,352.0,87.0,116.0,65.0,416.0,51.0,1.0,3.0,461.0,0.0,5.0,7.0,9.0,Crystal Palace,DF,
Christian Benteke,be BEL,28.0,14.0,326.0,313.0,13.0,0.0,2.0,145.0,5.0,5,0.0,0.0,0.0,0.0,143.0,85.0,98.0,21.0,165.0,37.0,0.0,9.0,190.0,0.0,5.0,11.0,14.0,Crystal Palace,FW,
Jeffrey Schlupp,gh GHA,26.0,11.5,342.0,320.0,22.0,3.0,1.0,80.0,8.0,9,0.0,0.0,0.0,0.0,218.0,58.0,66.0,229.0,58.0,15.0,19.0,3.0,256.0,3.0,5.0,11.0,10.0,Crystal Palace,MF,DF
Mamadou Sakho,fr FRA,29.0,10.3,516.0,498.0,18.0,17.0,0.0,70.0,10.0,0,0.0,0.0,0.0,0.0,390.0,49.0,77.0,384.0,94.0,21.0,1.0,4.0,451.0,1.0,3.0,3.0,5.0,Crystal Palace,DF,
Jaïro Riedewald,nl NED,22.0,8.5,400.0,324.0,76.0,11.0,0.0,58.0,6.0,6,0.0,0.0,0.0,0.0,226.0,72.0,102.0,281.0,27.0,23.0,65.0,0.0,301.0,1.0,7.0,11.0,3.0,Crystal Palace,DF,MF
Max Meyer,de GER,23.0,7.3,213.0,211.0,2.0,1.0,1.0,52.0,0.0,9,0.0,0.0,0.0,0.0,160.0,31.0,22.0,68.0,132.0,11.0,1.0,0.0,160.0,1.0,1.0,7.0,14.0,Crystal Palace,MF,FW
Wayne Hennessey,wal WAL,32.0,3.0,103.0,51.0,52.0,13.0,0.0,4.0,2.0,0,0.0,0.0,0.0,0.0,13.0,1.0,89.0,9.0,83.0,0.0,0.0,6.0,44.0,1.0,4.0,0.0,0.0,Crystal Palace,GK,
Tyrick Mitchell,eng ENG,19.0,2.2,119.0,91.0,28.0,0.0,0.0,14.0,1.0,4,0.0,0.0,0.0,0.0,69.0,22.0,28.0,84.0,5.0,2.0,28.0,0.0,96.0,0.0,1.0,2.0,6.0,Crystal Palace,DF,
Cenk Tosun,tr TUR,28.0,2.0,47.0,47.0,0.0,0.0,1.0,19.0,0.0,2,0.0,0.0,0.0,0.0,23.0,11.0,13.0,13.0,27.0,2.0,0.0,1.0,29.0,2.0,2.0,3.0,2.0,Crystal Palace,FW,
Connor Wickham,eng ENG,26.0,1.1,44.0,42.0,2.0,0.0,0.0,17.0,2.0,0,0.0,0.0,0.0,0.0,13.0,15.0,16.0,5.0,16.0,12.0,1.0,1.0,29.0,0.0,0.0,1.0,3.0,Crystal Palace,FW,MF
Brandon Pierrick,eng ENG,17.0,0.2,0.0,0.0,0.0,0.0,0.0,0.0,0.0,2,0.0,0.0,0.0,0.0,0.0,0.0,0.0,0.0,0.0,0.0,0.0,0.0,0.0,0.0,0.0,0.0,0.0,Crystal Palace,MF,
Víctor Camarasa,es ESP,25.0,0.1,3.0,3.0,0.0,0.0,0.0,1.0,0.0,0,0.0,0.0,0.0,0.0,3.0,0.0,0.0,0.0,3.0,0.0,0.0,0.0,3.0,0.0,0.0,0.0,0.0,Crystal Palace,MF,
Jordan Pickford,eng ENG,25.0,38.0,1373.0,956.0,417.0,144.0,1.0,137.0,67.0,0,0.0,0.0,0.0,0.0,539.0,77.0,757.0,866.0,236.0,0.0,0.0,179.0,895.0,5.0,59.0,5.0,1.0,Everton,GK,
Richarlison,br BRA,22.0,34.1,823.0,800.0,23.0,2.0,4.0,257.0,11.0,56,2.0,0.0,1.0,0.0,498.0,200.0,125.0,185.0,542.0,43.0,7.0,7.0,543.0,2.0,28.0,24.0,75.0,Everton,FW,
Lucas Digne,fr FRA,26.0,33.7,1946.0,1407.0,539.0,64.0,3.0,294.0,72.0,270,108.0,53.0,39.0,8.0,809.0,438.0,699.0,1281.0,104.0,112.0,367.0,7.0,1353.0,6.0,33.0,35.0,90.0,Everton,DF,
Dominic Calvert-Lewin,eng ENG,22.0,29.2,594.0,568.0,26.0,3.0,3.0,215.0,7.0,19,0.0,0.0,0.0,0.0,271.0,179.0,144.0,60.0,323.0,60.0,1.0,23.0,393.0,3.0,9.0,7.0,25.0,Everton,FW,
Gylfi Sigurðsson,is ISL,29.0,28.4,1110.0,975.0,135.0,42.0,3.0,160.0,50.0,131,71.0,29.0,35.0,5.0,710.0,186.0,214.0,175.0,871.0,38.0,3.0,6.0,868.0,3.0,20.0,14.0,34.0,Everton,MF,
Michael Keane,eng ENG,26.0,28.4,1379.0,1336.0,43.0,39.0,2.0,194.0,37.0,0,0.0,0.0,0.0,0.0,980.0,161.0,238.0,215.0,1003.0,86.0,4.0,5.0,1167.0,5.0,35.0,10.0,14.0,Everton,DF,
Yerry Mina,co COL,24.0,25.4,1251.0,1216.0,35.0,34.0,0.0,212.0,50.0,4,0.0,0.0,0.0,0.0,890.0,140.0,221.0,162.0,967.0,79.0,1.0,1.0,1070.0,3.0,17.0,13.0,10.0,Everton,DF,
Mason Holgate,eng ENG,22.0,22.8,991.0,954.0,37.0,25.0,1.0,127.0,44.0,2,0.0,0.0,0.0,0.0,712.0,99.0,180.0,149.0,758.0,53.0,11.0,0.0,855.0,1.0,23.0,8.0,11.0,Everton,DF,
Tom Davies,eng ENG,21.0,22.5,870.0,840.0,30.0,17.0,6.0,161.0,26.0,8,0.0,0.0,0.0,0.0,557.0,152.0,161.0,103.0,673.0,59.0,5.0,5.0,681.0,3.0,17.0,12.0,26.0,Everton,MF,
Séamus Coleman,ie IRL,30.0,20.4,1058.0,835.0,223.0,13.0,1.0,170.0,15.0,42,0.0,0.0,0.0,0.0,539.0,238.0,281.0,118.0,671.0,44.0,210.0,1.0,813.0,3.0,18.0,21.0,46.0,Everton,DF,
Alex Iwobi,ng NGA,23.0,17.7,614.0,603.0,11.0,3.0,5.0,112.0,26.0,48,1.0,0.0,0.0,0.0,414.0,104.0,96.0,66.0,528.0,9.0,3.0,3.0,462.0,3.0,12.0,14.0,34.0,Everton,MF,FW
Djibril Sidibé,fr FRA,27.0,20.3,1165.0,965.0,200.0,18.0,0.0,184.0,35.0,70,1.0,0.0,0.0,0.0,667.0,269.0,229.0,140.0,774.0,47.0,181.0,2.0,909.0,4.0,20.0,26.0,45.0,Everton,DF,
André Gomes,pt POR,26.0,16.2,859.0,833.0,26.0,16.0,1.0,121.0,65.0,12,1.0,0.0,1.0,0.0,561.0,135.0,163.0,226.0,589.0,28.0,2.0,3.0,719.0,2.0,24.0,11.0,18.0,Everton,MF,
Theo Walcott,eng ENG,30.0,14.3,405.0,394.0,11.0,1.0,3.0,65.0,8.0,41,2.0,1.0,1.0,0.0,243.0,92.0,70.0,28.0,341.0,21.0,8.0,2.0,266.0,0.0,11.0,22.0,30.0,Everton,MF,FW
Bernard,br BRA,26.0,14.2,573.0,559.0,14.0,2.0,4.0,116.0,12.0,36,6.0,5.0,0.0,0.0,419.0,77.0,77.0,147.0,409.0,11.0,1.0,4.0,426.0,0.0,14.0,15.0,31.0,Everton,MF,FW
Fabian Delph,eng ENG,29.0,13.2,778.0,763.0,15.0,11.0,2.0,122.0,28.0,8,0.0,0.0,0.0,0.0,550.0,113.0,115.0,483.0,250.0,28.0,2.0,3.0,676.0,2.0,13.0,6.0,7.0,Everton,MF,
Morgan Schneiderlin,fr FRA,29.0,11.1,567.0,550.0,17.0,10.0,0.0,97.0,30.0,8,0.0,0.0,0.0,0.0,338.0,117.0,112.0,77.0,452.0,22.0,0.0,3.0,494.0,0.0,4.0,6.0,9.0,Everton,MF,
Moise Kean,it ITA,19.0,9.5,142.0,137.0,5.0,1.0,2.0,36.0,2.0,12,0.0,0.0,0.0,0.0,82.0,39.0,21.0,22.0,102.0,7.0,1.0,7.0,104.0,0.0,2.0,5.0,11.0,Everton,FW,
Anthony Gordon,eng ENG,18.0,4.9,124.0,114.0,10.0,6.0,1.0,16.0,2.0,8,0.0,0.0,0.0,0.0,99.0,12.0,13.0,8.0,112.0,3.0,0.0,1.0,96.0,1.0,2.0,1.0,4.0,Everton,MF,FW
Leighton Baines,eng ENG,34.0,4.5,209.0,158.0,51.0,5.0,0.0,18.0,8.0,27,11.0,4.0,2.0,5.0,115.0,40.0,54.0,141.0,20.0,9.0,35.0,0.0,168.0,2.0,0.0,2.0,9.0,Everton,DF,
Jarrad Branthwaite,eng ENG,17.0,3.3,212.0,206.0,6.0,4.0,0.0,9.0,5.0,0,0.0,0.0,0.0,0.0,173.0,12.0,27.0,148.0,55.0,7.0,0.0,0.0,187.0,0.0,8.0,0.0,0.0,Everton,DF,
Cenk Tosun,tr TUR,28.0,3.2,62.0,61.0,1.0,0.0,0.0,19.0,3.0,2,0.0,0.0,0.0,0.0,28.0,21.0,13.0,17.0,34.0,6.0,0.0,3.0,42.0,0.0,2.0,2.0,5.0,Everton,FW,
Jean-Philippe Gbamin,ci CIV,23.0,1.5,67.0,64.0,3.0,3.0,0.0,9.0,3.0,0,0.0,0.0,0.0,0.0,46.0,7.0,14.0,7.0,55.0,4.0,0.0,0.0,50.0,0.0,6.0,0.0,5.0,Everton,MF,
Oumar Niasse,sn SEN,29.0,0.2,5.0,5.0,0.0,0.0,0.0,2.0,0.0,1,0.0,0.0,0.0,0.0,3.0,2.0,0.0,1.0,3.0,0.0,0.0,1.0,3.0,0.0,0.0,1.0,0.0,Everton,FW,
Kasper Schmeichel,dk DEN,32.0,38.0,1178.0,820.0,358.0,116.0,1.0,110.0,65.0,0,0.0,0.0,0.0,0.0,614.0,100.0,464.0,55.0,917.0,3.0,0.0,152.0,904.0,6.0,42.0,4.0,3.0,Leicester City,GK,
Jonny Evans,nir NIR,31.0,37.6,2372.0,2285.0,87.0,72.0,2.0,305.0,60.0,8,0.0,0.0,0.0,0.0,1764.0,219.0,389.0,590.0,1585.0,117.0,15.0,5.0,2088.0,2.0,44.0,12.0,12.0,Leicester City,DF,
Çağlar Söyüncü,tr TUR,23.0,33.7,2239.0,2187.0,52.0,44.0,0.0,259.0,53.0,4,0.0,0.0,0.0,0.0,1801.0,194.0,244.0,437.0,1653.0,84.0,8.0,9.0,2035.0,8.0,24.0,11.0,19.0,Leicester City,DF,
Jamie Vardy,eng ENG,32.0,33.7,462.0,403.0,59.0,0.0,2.0,97.0,9.0,33,0.0,0.0,0.0,0.0,275.0,100.0,87.0,82.0,301.0,37.0,5.0,7.0,314.0,0.0,10.0,12.0,28.0,Leicester City,FW,
Youri Tielemans,be BEL,22.0,31.4,1804.0,1703.0,101.0,46.0,9.0,363.0,65.0,82,41.0,7.0,20.0,5.0,1246.0,256.0,302.0,318.0,1393.0,45.0,12.0,14.0,1455.0,10.0,21.0,21.0,38.0,Leicester City,MF,
Wilfred Ndidi,ng NGA,22.0,29.7,1649.0,1626.0,23.0,23.0,1.0,306.0,50.0,3,0.0,0.0,0.0,0.0,1175.0,262.0,212.0,180.0,1341.0,75.0,0.0,4.0,1416.0,2.0,34.0,26.0,29.0,Leicester City,MF,
James Maddison,eng ENG,22.0,29.2,1674.0,1422.0,252.0,82.0,16.0,264.0,93.0,220,157.0,43.0,76.0,15.0,1051.0,247.0,376.0,158.0,1462.0,31.0,7.0,11.0,1282.0,8.0,30.0,36.0,39.0,Leicester City,MF,
Ricardo Pereira,pt POR,25.0,28.0,1875.0,1553.0,322.0,17.0,3.0,335.0,20.0,57,0.0,0.0,0.0,0.0,1095.0,399.0,381.0,195.0,1312.0,41.0,305.0,4.0,1513.0,3.0,18.0,46.0,67.0,Leicester City,DF,
Ben Chilwell,eng ENG,22.0,26.4,1956.0,1653.0,303.0,32.0,3.0,324.0,40.0,104,7.0,0.0,3.0,0.0,1165.0,381.0,410.0,1414.0,183.0,53.0,264.0,4.0,1528.0,3.0,42.0,32.0,63.0,Leicester City,DF,
Ayoze Pérez,es ESP,26.0,22.3,773.0,753.0,20.0,5.0,8.0,198.0,9.0,29,0.0,0.0,0.0,0.0,537.0,157.0,79.0,70.0,650.0,18.0,6.0,13.0,616.0,2.0,13.0,13.0,41.0,Leicester City,MF,FW
Harvey Barnes,eng ENG,21.0,23.1,729.0,725.0,4.0,2.0,3.0,181.0,8.0,42,0.0,0.0,0.0,0.0,504.0,123.0,102.0,108.0,569.0,22.0,2.0,9.0,559.0,4.0,10.0,21.0,34.0,Leicester City,MF,FW
Dennis Praet,be BEL,25.0,12.6,539.0,532.0,7.0,3.0,2.0,106.0,10.0,21,0.0,0.0,0.0,0.0,359.0,95.0,85.0,39.0,451.0,39.0,3.0,3.0,446.0,1.0,7.0,6.0,18.0,Leicester City,MF,
Kelechi Iheanacho,ng NGA,22.0,10.7,268.0,262.0,6.0,0.0,7.0,84.0,4.0,2,0.0,0.0,0.0,0.0,209.0,40.0,19.0,231.0,23.0,9.0,0.0,3.0,217.0,0.0,3.0,6.0,16.0,Leicester City,FW,
James Justin,eng ENG,21.0,11.2,802.0,688.0,114.0,12.0,1.0,106.0,10.0,38,0.0,0.0,0.0,0.0,499.0,169.0,134.0,121.0,530.0,38.0,102.0,2.0,651.0,0.0,16.0,8.0,32.0,Leicester City,DF,
Hamza Choudhury,eng ENG,21.0,9.9,494.0,481.0,13.0,12.0,0.0,65.0,5.0,4,0.0,0.0,0.0,0.0,389.0,45.0,60.0,35.0,418.0,34.0,0.0,1.0,428.0,0.0,4.0,8.0,9.0,Leicester City,MF,
Marc Albrighton,eng ENG,29.0,9.6,508.0,473.0,35.0,0.0,1.0,81.0,25.0,68,10.0,2.0,6.0,0.0,292.0,82.0,134.0,51.0,411.0,17.0,25.0,3.0,344.0,0.0,14.0,10.0,30.0,Leicester City,MF,DF
Christian Fuchs,at AUT,33.0,8.6,630.0,544.0,86.0,12.0,1.0,87.0,17.0,16,0.0,0.0,0.0,0.0,389.0,122.0,119.0,457.0,60.0,25.0,74.0,1.0,510.0,1.0,12.0,11.0,12.0,Leicester City,DF,
Wes Morgan,jm JAM,35.0,4.8,238.0,234.0,4.0,4.0,0.0,22.0,0.0,0,0.0,0.0,0.0,0.0,203.0,16.0,19.0,29.0,192.0,11.0,0.0,2.0,220.0,2.0,2.0,0.0,2.0,Leicester City,DF,
Nampalys Mendy,fr FRA,27.0,3.2,212.0,211.0,1.0,1.0,0.0,29.0,4.0,2,0.0,0.0,0.0,0.0,172.0,21.0,19.0,20.0,187.0,4.0,0.0,0.0,194.0,1.0,3.0,2.0,1.0,Leicester City,MF,
Demarai Gray,eng ENG,23.0,6.9,326.0,312.0,14.0,4.0,3.0,70.0,11.0,31,6.0,3.0,1.0,1.0,244.0,48.0,34.0,27.0,286.0,2.0,4.0,5.0,271.0,2.0,4.0,3.0,14.0,Leicester City,MF,FW
Ryan Bennett,eng ENG,29.0,3.7,221.0,200.0,21.0,1.0,0.0,31.0,5.0,2,0.0,0.0,0.0,0.0,128.0,26.0,67.0,21.0,162.0,11.0,20.0,1.0,174.0,0.0,6.0,2.0,4.0,Leicester City,DF,
Luke Thomas,eng ENG,,3.0,190.0,162.0,28.0,2.0,0.0,13.0,3.0,16,0.0,0.0,0.0,0.0,119.0,40.0,31.0,138.0,17.0,9.0,26.0,0.0,156.0,0.0,4.0,1.0,5.0,Leicester City,DF,
George Hirst,eng ENG,20.0,0.1,8.0,8.0,0.0,0.0,0.0,4.0,0.0,0,0.0,0.0,0.0,0.0,4.0,1.0,3.0,0.0,5.0,0.0,0.0,1.0,5.0,0.0,0.0,0.0,0.0,Leicester City,FW,
Matty James,eng ENG,28.0,0.1,6.0,6.0,0.0,0.0,0.0,2.0,0.0,0,0.0,0.0,0.0,0.0,5.0,1.0,0.0,1.0,5.0,0.0,0.0,0.0,6.0,0.0,0.0,0.0,0.0,Leicester City,MF,
Virgil van Dijk,nl NED,28.0,38.0,3085.0,3000.0,85.0,74.0,8.0,322.0,131.0,0,0.0,0.0,0.0,0.0,2330.0,265.0,490.0,345.0,2476.0,152.0,11.0,6.0,2791.0,1.0,43.0,13.0,10.0,Liverpool,DF,
Trent Alexander-Arnold,eng ENG,20.0,35.3,3147.0,2495.0,652.0,86.0,8.0,413.0,226.0,377,162.0,43.0,74.0,8.0,1472.0,567.0,1108.0,313.0,2330.0,83.0,404.0,7.0,2254.0,11.0,84.0,35.0,111.0,Liverpool,DF,
Georginio Wijnaldum,nl NED,28.0,32.6,1628.0,1600.0,28.0,15.0,4.0,276.0,31.0,5,0.0,0.0,0.0,0.0,1298.0,196.0,134.0,171.0,1359.0,53.0,13.0,7.0,1477.0,1.0,9.0,17.0,27.0,Liverpool,MF,
Andrew Robertson,sco SCO,25.0,34.6,2928.0,2536.0,392.0,49.0,5.0,319.0,85.0,204,43.0,7.0,26.0,1.0,1834.0,521.0,573.0,2332.0,186.0,93.0,300.0,2.0,2370.0,4.0,44.0,36.0,82.0,Liverpool,DF,
Roberto Firmino,br BRA,27.0,33.2,1171.0,1141.0,30.0,3.0,8.0,306.0,8.0,8,0.0,0.0,0.0,0.0,874.0,205.0,92.0,152.0,927.0,55.0,11.0,13.0,931.0,3.0,7.0,51.0,55.0,Liverpool,FW,
Mohamed Salah,eg EGY,27.0,32.0,1004.0,952.0,52.0,4.0,13.0,240.0,19.0,45,28.0,3.0,15.0,3.0,712.0,159.0,133.0,792.0,166.0,18.0,8.0,11.0,746.0,3.0,15.0,27.0,47.0,Liverpool,FW,
Sadio Mané,sn SEN,27.0,30.5,1162.0,1141.0,21.0,8.0,10.0,244.0,26.0,49,0.0,0.0,0.0,0.0,766.0,243.0,153.0,235.0,839.0,39.0,10.0,15.0,933.0,3.0,17.0,29.0,50.0,Liverpool,FW,
Alisson,br BRA,26.0,28.3,925.0,701.0,224.0,54.0,1.0,131.0,28.0,0,0.0,0.0,0.0,0.0,590.0,85.0,250.0,65.0,688.0,2.0,0.0,132.0,794.0,2.0,19.0,3.0,0.0,Liverpool,GK,
Jordan Henderson,eng ENG,29.0,24.9,1879.0,1834.0,45.0,16.0,14.0,275.0,73.0,58,1.0,0.0,0.0,0.0,1224.0,270.0,385.0,209.0,1565.0,68.0,13.0,4.0,1582.0,4.0,20.0,15.0,40.0,Liverpool,MF,
Fabinho,br BRA,25.0,23.1,1528.0,1505.0,23.0,16.0,5.0,242.0,38.0,9,0.0,0.0,0.0,0.0,1051.0,211.0,266.0,105.0,1318.0,68.0,4.0,2.0,1334.0,2.0,18.0,9.0,15.0,Liverpool,MF,
Joe Gomez,eng ENG,22.0,22.3,1960.0,1910.0,50.0,35.0,1.0,211.0,63.0,9,0.0,0.0,0.0,0.0,1469.0,187.0,304.0,128.0,1669.0,89.0,15.0,1.0,1743.0,2.0,22.0,5.0,11.0,Liverpool,DF,
Alex Oxlade-Chamberlain,eng ENG,25.0,16.5,748.0,733.0,15.0,1.0,4.0,136.0,32.0,45,0.0,0.0,0.0,0.0,464.0,124.0,160.0,87.0,609.0,27.0,6.0,7.0,592.0,3.0,22.0,17.0,23.0,Liverpool,MF,FW
James Milner,eng ENG,33.0,10.4,773.0,707.0,66.0,12.0,4.0,114.0,35.0,20,8.0,3.0,2.0,1.0,522.0,135.0,116.0,78.0,633.0,15.0,34.0,3.0,664.0,3.0,13.0,10.0,15.0,Liverpool,MF,DF
Adrián,es ESP,32.0,9.7,314.0,219.0,95.0,27.0,0.0,40.0,12.0,0,0.0,0.0,0.0,0.0,150.0,24.0,140.0,31.0,217.0,1.0,0.0,49.0,227.0,0.0,9.0,0.0,1.0,Liverpool,GK,
Naby Keïta,gn GUI,24.0,9.1,684.0,676.0,8.0,2.0,5.0,114.0,9.0,7,2.0,0.0,0.0,0.0,514.0,112.0,58.0,86.0,567.0,18.0,3.0,2.0,608.0,1.0,8.0,10.0,15.0,Liverpool,MF,
Dejan Lovren,hr CRO,30.0,8.6,603.0,587.0,16.0,15.0,1.0,64.0,16.0,1,0.0,0.0,0.0,0.0,411.0,80.0,112.0,114.0,433.0,41.0,1.0,1.0,530.0,0.0,12.0,3.0,5.0,Liverpool,DF,
Joël Matip,cm CMR,27.0,7.8,514.0,498.0,16.0,12.0,0.0,74.0,13.0,1,0.0,0.0,0.0,0.0,384.0,62.0,68.0,56.0,417.0,23.0,4.0,1.0,448.0,0.0,14.0,7.0,3.0,Liverpool,DF,
Divock Origi,be BEL,24.0,8.0,219.0,217.0,2.0,0.0,0.0,66.0,13.0,18,0.0,0.0,0.0,0.0,139.0,37.0,43.0,29.0,165.0,10.0,1.0,3.0,158.0,1.0,6.0,4.0,8.0,Liverpool,FW,
Adam Lallana,eng ENG,31.0,4.2,270.0,268.0,2.0,1.0,0.0,48.0,4.0,3,0.0,0.0,0.0,0.0,204.0,38.0,28.0,77.0,170.0,13.0,1.0,3.0,229.0,2.0,0.0,4.0,9.0,Liverpool,MF,FW
Neco Williams,wal WAL,18.0,2.6,205.0,166.0,39.0,4.0,1.0,18.0,10.0,14,3.0,1.0,2.0,0.0,115.0,32.0,58.0,8.0,155.0,9.0,32.0,0.0,165.0,0.0,6.0,2.0,9.0,Liverpool,DF,
Takumi Minamino,jp JPN,24.0,2.8,111.0,110.0,1.0,1.0,0.0,26.0,2.0,3,0.0,0.0,0.0,0.0,89.0,9.0,13.0,20.0,84.0,1.0,0.0,1.0,98.0,0.0,1.0,0.0,1.0,Liverpool,FW,MF
Xherdan Shaqiri,ch SUI,27.0,2.1,109.0,96.0,13.0,2.0,0.0,21.0,3.0,6,6.0,3.0,1.0,0.0,62.0,26.0,21.0,82.0,17.0,2.0,5.0,0.0,90.0,2.0,0.0,4.0,2.0,Liverpool,FW,
Curtis Jones,eng ENG,18.0,1.4,128.0,128.0,0.0,0.0,0.0,23.0,3.0,0,0.0,0.0,0.0,0.0,103.0,13.0,12.0,16.0,105.0,5.0,0.0,0.0,111.0,0.0,1.0,2.0,2.0,Liverpool,MF,
Harvey Elliot,eng ENG,16.0,0.1,15.0,11.0,4.0,0.0,0.0,0.0,1.0,3,3.0,0.0,2.0,0.0,8.0,3.0,4.0,13.0,1.0,0.0,1.0,0.0,12.0,0.0,0.0,0.0,0.0,Liverpool,DF,
Ederson,br BRA,25.0,34.1,1063.0,878.0,185.0,45.0,1.0,117.0,38.0,0,0.0,0.0,0.0,0.0,790.0,59.0,214.0,737.0,143.0,3.0,1.0,161.0,927.0,3.0,17.0,4.0,1.0,Manchester City,GK,
Kevin De Bruyne,be BEL,28.0,31.0,2244.0,1975.0,269.0,52.0,32.0,365.0,135.0,304,177.0,62.0,51.0,17.0,1475.0,310.0,459.0,262.0,1888.0,41.0,36.0,3.0,1674.0,13.0,38.0,61.0,96.0,Manchester City,MF,
Raheem Sterling,eng ENG,24.0,29.5,1217.0,1197.0,20.0,1.0,4.0,290.0,4.0,50,1.0,0.0,0.0,0.0,965.0,150.0,102.0,133.0,1027.0,19.0,13.0,14.0,983.0,1.0,13.0,33.0,55.0,Manchester City,FW,
Rodri,es ESP,23.0,27.6,2537.0,2505.0,32.0,30.0,0.0,478.0,100.0,8,0.0,0.0,0.0,0.0,1978.0,272.0,287.0,339.0,2056.0,87.0,2.0,12.0,2363.0,1.0,21.0,17.0,19.0,Manchester City,MF,
Kyle Walker,eng ENG,29.0,26.6,2144.0,1922.0,222.0,27.0,2.0,252.0,83.0,55,1.0,0.0,0.0,0.0,1514.0,353.0,277.0,57.0,1801.0,52.0,194.0,19.0,1884.0,4.0,25.0,28.0,45.0,Manchester City,DF,
Fernandinho,br BRA,34.0,26.6,2190.0,2134.0,56.0,44.0,2.0,249.0,76.0,5,0.0,0.0,0.0,0.0,1709.0,193.0,288.0,243.0,1800.0,83.0,12.0,10.0,1985.0,6.0,23.0,12.0,22.0,Manchester City,DF,
Bernardo Silva,pt POR,24.0,22.6,1450.0,1394.0,56.0,10.0,3.0,251.0,24.0,71,19.0,1.0,1.0,0.0,1102.0,210.0,138.0,1280.0,95.0,40.0,24.0,2.0,1262.0,2.0,6.0,15.0,39.0,Manchester City,FW,MF
David Silva,es ESP,33.0,20.3,1513.0,1455.0,58.0,18.0,11.0,269.0,12.0,35,10.0,1.0,2.0,0.0,1231.0,183.0,99.0,1292.0,189.0,16.0,5.0,5.0,1319.0,6.0,14.0,34.0,39.0,Manchester City,MF,
Gabriel Jesus,br BRA,22.0,22.6,608.0,589.0,19.0,0.0,2.0,145.0,8.0,6,1.0,0.0,0.0,0.0,467.0,92.0,49.0,71.0,485.0,17.0,4.0,11.0,532.0,1.0,6.0,13.0,18.0,Manchester City,FW,
İlkay Gündoğan,de GER,28.0,22.4,1956.0,1895.0,61.0,28.0,11.0,348.0,44.0,30,23.0,10.0,4.0,2.0,1515.0,251.0,190.0,540.0,1353.0,42.0,5.0,3.0,1779.0,3.0,13.0,24.0,24.0,Manchester City,MF,
Riyad Mahrez,dz ALG,28.0,21.6,1188.0,1113.0,75.0,11.0,23.0,202.0,50.0,88,55.0,25.0,3.0,6.0,890.0,138.0,160.0,1039.0,114.0,15.0,9.0,3.0,1009.0,5.0,16.0,19.0,27.0,Manchester City,FW,
Nicolás Otamendi,ar ARG,31.0,19.1,1488.0,1474.0,14.0,10.0,0.0,142.0,35.0,0,0.0,0.0,0.0,0.0,1254.0,100.0,134.0,112.0,1299.0,38.0,4.0,4.0,1380.0,2.0,12.0,11.0,13.0,Manchester City,DF,
Benjamin Mendy,fr FRA,25.0,16.6,1285.0,1158.0,127.0,13.0,0.0,160.0,33.0,86,0.0,0.0,0.0,0.0,900.0,225.0,160.0,1036.0,103.0,21.0,114.0,1.0,1108.0,5.0,14.0,18.0,32.0,Manchester City,DF,
Sergio Agüero,ar ARG,31.0,16.1,367.0,349.0,18.0,1.0,5.0,90.0,1.0,10,0.0,0.0,0.0,0.0,273.0,71.0,23.0,41.0,303.0,11.0,1.0,9.0,284.0,0.0,4.0,11.0,15.0,Manchester City,FW,
Aymeric Laporte,fr FRA,25.0,12.2,1114.0,1093.0,21.0,14.0,0.0,125.0,35.0,0,0.0,0.0,0.0,0.0,913.0,102.0,99.0,838.0,202.0,42.0,7.0,6.0,1041.0,0.0,5.0,4.0,10.0,Manchester City,DF,
Oleksandr Zinchenko,ua UKR,22.0,14.2,1348.0,1232.0,116.0,9.0,2.0,157.0,20.0,53,3.0,0.0,0.0,1.0,986.0,208.0,154.0,1090.0,91.0,44.0,104.0,4.0,1198.0,4.0,7.0,14.0,22.0,Manchester City,DF,
João Cancelo,pt POR,25.0,13.4,1147.0,1044.0,103.0,6.0,4.0,141.0,27.0,47,1.0,0.0,1.0,0.0,825.0,189.0,133.0,141.0,869.0,28.0,96.0,3.0,1008.0,4.0,14.0,16.0,21.0,Manchester City,DF,
John Stones,eng ENG,25.0,12.5,1016.0,1001.0,15.0,11.0,0.0,136.0,36.0,0,0.0,0.0,0.0,0.0,847.0,72.0,97.0,103.0,839.0,43.0,4.0,3.0,966.0,1.0,4.0,2.0,4.0,Manchester City,DF,
Phil Foden,eng ENG,19.0,10.0,508.0,494.0,14.0,4.0,4.0,74.0,17.0,28,6.0,2.0,1.0,0.0,398.0,51.0,59.0,450.0,37.0,11.0,4.0,2.0,431.0,0.0,6.0,2.0,15.0,Manchester City,FW,MF
Eric García,es ESP,18.0,8.8,705.0,698.0,7.0,6.0,0.0,51.0,17.0,1,0.0,0.0,0.0,0.0,641.0,29.0,35.0,63.0,625.0,11.0,1.0,1.0,672.0,1.0,3.0,2.0,4.0,Manchester City,DF,
Angeliño,es ESP,22.0,4.7,426.0,377.0,49.0,3.0,0.0,70.0,7.0,42,0.0,0.0,0.0,0.0,267.0,78.0,81.0,342.0,15.0,18.0,46.0,1.0,335.0,1.0,9.0,5.0,14.0,Manchester City,DF,
Claudio Bravo,cl CHI,36.0,3.9,132.0,96.0,36.0,8.0,0.0,20.0,5.0,0,0.0,0.0,0.0,0.0,69.0,15.0,48.0,11.0,105.0,0.0,0.0,13.0,101.0,0.0,4.0,2.0,0.0,Manchester City,GK,
Thomas Doyle,eng ENG,17.0,0.2,19.0,18.0,1.0,1.0,0.0,1.0,0.0,0,0.0,0.0,0.0,0.0,19.0,0.0,0.0,4.0,15.0,0.0,0.0,0.0,19.0,0.0,0.0,0.0,0.0,Manchester City,MF,FW
Leroy Sané,de GER,23.0,0.1,7.0,7.0,0.0,0.0,0.0,0.0,0.0,0,0.0,0.0,0.0,0.0,7.0,0.0,0.0,6.0,1.0,0.0,0.0,0.0,6.0,0.0,0.0,0.0,0.0,Manchester City,FW,
David de Gea,es ESP,28.0,38.0,934.0,590.0,344.0,78.0,0.0,108.0,23.0,0,0.0,0.0,0.0,0.0,545.0,80.0,309.0,55.0,695.0,0.0,1.0,148.0,726.0,1.0,18.0,3.0,5.0,Manchester Utd,GK,
Harry Maguire,eng ENG,26.0,38.0,2403.0,2327.0,76.0,66.0,1.0,362.0,91.0,2,0.0,0.0,0.0,0.0,1787.0,268.0,348.0,320.0,1862.0,119.0,10.0,11.0,2127.0,5.0,45.0,21.0,11.0,Manchester Utd,DF,
Victor Lindelöf,se SWE,25.0,34.4,2013.0,1955.0,58.0,46.0,2.0,276.0,30.0,2,0.0,0.0,0.0,0.0,1572.0,199.0,242.0,253.0,1606.0,76.0,12.0,14.0,1764.0,2.0,33.0,25.0,20.0,Manchester Utd,DF,
Aaron Wan-Bissaka,eng ENG,21.0,34.1,2064.0,1680.0,384.0,16.0,0.0,299.0,16.0,102,0.0,0.0,0.0,0.0,1334.0,407.0,323.0,79.0,1558.0,43.0,368.0,2.0,1676.0,5.0,23.0,35.0,94.0,Manchester Utd,DF,
Marcus Rashford,eng ENG,21.0,29.4,988.0,961.0,27.0,2.0,8.0,162.0,25.0,32,9.0,5.0,1.0,2.0,742.0,120.0,126.0,89.0,833.0,28.0,8.0,14.0,758.0,3.0,18.0,26.0,43.0,Manchester Utd,FW,
Anthony Martial,fr FRA,23.0,29.2,721.0,692.0,29.0,4.0,5.0,203.0,3.0,11,0.0,0.0,0.0,0.0,587.0,94.0,40.0,123.0,560.0,12.0,4.0,6.0,575.0,2.0,7.0,14.0,43.0,Manchester Utd,FW,
Daniel James,wal WAL,21.0,25.4,803.0,789.0,14.0,4.0,3.0,183.0,21.0,96,3.0,1.0,1.0,0.0,588.0,118.0,97.0,99.0,681.0,14.0,5.0,1.0,586.0,3.0,18.0,15.0,63.0,Manchester Utd,FW,
Fred,br BRA,26.0,24.0,1714.0,1608.0,106.0,53.0,3.0,344.0,83.0,63,42.0,15.0,16.0,0.0,1231.0,232.0,251.0,1200.0,466.0,29.0,8.0,6.0,1463.0,2.0,18.0,20.0,37.0,Manchester Utd,MF,
Scott McTominay,sco SCO,22.0,19.7,995.0,966.0,29.0,28.0,2.0,158.0,47.0,14,0.0,0.0,0.0,0.0,745.0,111.0,139.0,44.0,878.0,45.0,1.0,5.0,816.0,2.0,18.0,21.0,25.0,Manchester Utd,MF,
Luke Shaw,eng ENG,24.0,19.3,1296.0,1137.0,159.0,19.0,1.0,242.0,14.0,37,5.0,4.0,0.0,0.0,910.0,203.0,183.0,972.0,111.0,55.0,135.0,3.0,1121.0,1.0,12.0,19.0,37.0,Manchester Utd,DF,
Nemanja Matić,rs SRB,30.0,17.6,1240.0,1210.0,30.0,26.0,1.0,220.0,30.0,3,0.0,0.0,0.0,0.0,979.0,125.0,136.0,1029.0,147.0,40.0,4.0,5.0,1095.0,1.0,11.0,17.0,22.0,Manchester Utd,MF,
Andreas Pereira,br BRA,23.0,16.5,770.0,692.0,78.0,23.0,1.0,157.0,30.0,62,37.0,14.0,12.0,3.0,518.0,125.0,127.0,89.0,634.0,23.0,9.0,3.0,566.0,4.0,11.0,22.0,27.0,Manchester Utd,MF,FW
Bruno Fernandes,pt POR,24.0,13.2,853.0,751.0,102.0,27.0,4.0,140.0,53.0,75,55.0,15.0,24.0,7.0,528.0,138.0,187.0,64.0,768.0,13.0,5.0,2.0,608.0,3.0,12.0,23.0,39.0,Manchester Utd,MF,
Paul Pogba,fr FRA,26.0,13.4,1026.0,998.0,28.0,27.0,6.0,214.0,63.0,6,0.0,0.0,0.0,0.0,735.0,136.0,155.0,112.0,864.0,24.0,1.0,7.0,880.0,5.0,10.0,16.0,23.0,Manchester Utd,MF,
Mason Greenwood,eng ENG,17.0,14.7,488.0,485.0,3.0,0.0,0.0,101.0,12.0,10,2.0,0.0,1.0,0.0,391.0,51.0,46.0,382.0,93.0,9.0,0.0,0.0,416.0,1.0,6.0,7.0,11.0,Manchester Utd,FW,
Brandon Williams,eng ENG,18.0,11.2,636.0,553.0,83.0,7.0,1.0,91.0,6.0,13,1.0,0.0,0.0,0.0,452.0,98.0,86.0,157.0,380.0,15.0,75.0,1.0,531.0,3.0,8.0,15.0,12.0,Manchester Utd,DF,
Ashley Young,eng ENG,34.0,10.6,735.0,553.0,182.0,28.0,1.0,114.0,39.0,62,35.0,13.0,14.0,6.0,406.0,130.0,199.0,86.0,502.0,17.0,119.0,5.0,565.0,4.0,21.0,17.0,19.0,Manchester Utd,DF,
Jesse Lingard,eng ENG,26.0,10.4,409.0,389.0,20.0,3.0,1.0,81.0,4.0,7,2.0,0.0,0.0,0.0,327.0,54.0,28.0,19.0,366.0,9.0,6.0,8.0,351.0,3.0,5.0,8.0,11.0,Manchester Utd,MF,FW
Juan Mata,es ESP,31.0,8.4,523.0,494.0,29.0,8.0,2.0,116.0,11.0,23,10.0,5.0,1.0,2.0,377.0,67.0,79.0,444.0,64.0,4.0,6.0,2.0,442.0,2.0,3.0,6.0,15.0,Manchester Utd,MF,FW
Axel Tuanzebe,eng ENG,21.0,2.1,141.0,129.0,12.0,1.0,0.0,16.0,3.0,1,0.0,0.0,0.0,0.0,104.0,24.0,13.0,18.0,104.0,5.0,11.0,1.0,127.0,0.0,0.0,1.0,2.0,Manchester Utd,DF,
Timothy Fosu-Mensah,nl NED,21.0,1.5,73.0,66.0,7.0,0.0,0.0,4.0,1.0,2,0.0,0.0,0.0,0.0,51.0,13.0,9.0,15.0,47.0,4.0,7.0,0.0,62.0,0.0,2.0,1.0,1.0,Manchester Utd,DF,
Phil Jones,eng ENG,27.0,1.5,89.0,86.0,3.0,2.0,0.0,22.0,3.0,1,0.0,0.0,0.0,0.0,67.0,14.0,8.0,7.0,73.0,3.0,1.0,2.0,79.0,0.0,2.0,1.0,1.0,Manchester Utd,DF,
Eric Bailly,ci CIV,25.0,1.7,72.0,72.0,0.0,0.0,0.0,7.0,1.0,0,0.0,0.0,0.0,0.0,47.0,14.0,11.0,10.0,52.0,5.0,0.0,1.0,64.0,0.0,0.0,0.0,1.0,Manchester Utd,DF,
Marcos Rojo,ar ARG,29.0,1.4,55.0,45.0,10.0,2.0,0.0,6.0,2.0,3,0.0,0.0,0.0,0.0,25.0,12.0,18.0,39.0,5.0,1.0,8.0,0.0,37.0,0.0,3.0,0.0,0.0,Manchester Utd,DF,
Diogo Dalot,pt POR,20.0,0.7,64.0,50.0,14.0,0.0,0.0,8.0,0.0,3,1.0,0.0,0.0,0.0,34.0,20.0,10.0,7.0,40.0,2.0,13.0,1.0,51.0,0.0,1.0,2.0,1.0,Manchester Utd,DF,
Odion Ighalo,ng NGA,30.0,1.1,23.0,23.0,0.0,0.0,0.0,4.0,0.0,0,0.0,0.0,0.0,0.0,18.0,3.0,2.0,3.0,19.0,1.0,0.0,0.0,21.0,0.0,0.0,0.0,0.0,Manchester Utd,FW,
Tahith Chong,nl NED,19.0,0.4,14.0,14.0,0.0,0.0,0.0,2.0,0.0,0,0.0,0.0,0.0,0.0,13.0,1.0,0.0,14.0,0.0,0.0,0.0,0.0,9.0,0.0,1.0,2.0,1.0,Manchester Utd,FW,MF
Angel Gomes,eng ENG,18.0,0.2,13.0,13.0,0.0,0.0,1.0,0.0,1.0,0,0.0,0.0,0.0,0.0,10.0,0.0,3.0,0.0,13.0,0.0,0.0,0.0,11.0,0.0,2.0,0.0,0.0,Manchester Utd,MF,
James Garner,eng ENG,18.0,0.1,15.0,15.0,0.0,0.0,0.0,6.0,1.0,0,0.0,0.0,0.0,0.0,15.0,0.0,0.0,2.0,12.0,0.0,0.0,1.0,15.0,0.0,0.0,0.0,0.0,Manchester Utd,MF,
Martin Dúbravka,sk SVK,30.0,38.0,1093.0,607.0,486.0,148.0,0.0,122.0,34.0,0,0.0,0.0,0.0,0.0,267.0,38.0,788.0,48.0,849.0,1.0,1.0,122.0,595.0,7.0,34.0,6.0,2.0,Newcastle Utd,GK,
Miguel Almirón,py PAR,25.0,33.6,894.0,881.0,13.0,2.0,2.0,207.0,22.0,42,1.0,0.0,1.0,0.0,635.0,145.0,114.0,777.0,67.0,29.0,8.0,8.0,682.0,3.0,16.0,31.0,40.0,Newcastle Utd,MF,FW
Joelinton,br BRA,22.0,29.8,801.0,761.0,40.0,1.0,4.0,316.0,11.0,5,0.0,0.0,0.0,0.0,488.0,174.0,139.0,126.0,486.0,62.0,5.0,16.0,640.0,4.0,15.0,11.0,21.0,Newcastle Utd,FW,
Federico Fernández,ar ARG,30.0,29.1,1184.0,1052.0,132.0,41.0,1.0,167.0,51.0,27,0.0,0.0,0.0,0.0,717.0,146.0,321.0,69.0,937.0,56.0,90.0,1.0,907.0,4.0,39.0,19.0,24.0,Newcastle Utd,DF,
Isaac Hayden,eng ENG,24.0,24.7,833.0,784.0,49.0,15.0,3.0,199.0,12.0,38,0.0,0.0,0.0,0.0,548.0,116.0,169.0,104.0,622.0,53.0,12.0,5.0,630.0,2.0,15.0,14.0,36.0,Newcastle Utd,MF,
Jonjo Shelvey,eng ENG,27.0,23.5,1091.0,964.0,127.0,50.0,6.0,230.0,108.0,87,61.0,26.0,24.0,4.0,574.0,158.0,359.0,117.0,925.0,32.0,2.0,4.0,791.0,12.0,23.0,19.0,21.0,Newcastle Utd,MF,
Jamaal Lascelles,eng ENG,25.0,23.1,811.0,796.0,15.0,15.0,1.0,144.0,22.0,0,0.0,0.0,0.0,0.0,539.0,89.0,183.0,117.0,579.0,76.0,0.0,2.0,669.0,4.0,10.0,7.0,9.0,Newcastle Utd,DF,
Allan Saint-Maximin,fr FRA,22.0,20.7,490.0,481.0,9.0,1.0,3.0,121.0,19.0,44,0.0,0.0,0.0,0.0,338.0,86.0,66.0,59.0,409.0,8.0,6.0,2.0,356.0,3.0,8.0,12.0,28.0,Newcastle Utd,MF,FW
Fabian Schär,ch SUI,27.0,18.6,767.0,697.0,70.0,48.0,0.0,125.0,72.0,12,0.0,0.0,0.0,0.0,400.0,107.0,260.0,97.0,593.0,40.0,22.0,0.0,576.0,8.0,20.0,8.0,10.0,Newcastle Utd,DF,MF
Javier Manquillo,es ESP,25.0,17.8,632.0,502.0,130.0,4.0,0.0,104.0,13.0,45,0.0,0.0,0.0,0.0,313.0,126.0,193.0,49.0,405.0,39.0,126.0,2.0,452.0,2.0,15.0,9.0,24.0,Newcastle Utd,DF,
Jetro Willems,nl NED,25.0,16.6,582.0,450.0,132.0,10.0,0.0,98.0,13.0,32,1.0,1.0,0.0,0.0,306.0,95.0,181.0,336.0,91.0,21.0,121.0,3.0,408.0,4.0,9.0,17.0,27.0,Newcastle Utd,DF,
Sean Longstaff,eng ENG,21.0,15.3,657.0,605.0,52.0,39.0,1.0,120.0,36.0,30,11.0,5.0,3.0,0.0,425.0,94.0,138.0,115.0,477.0,51.0,1.0,3.0,515.0,1.0,16.0,8.0,13.0,Newcastle Utd,MF,
Matt Ritchie,sco SCO,29.0,14.6,691.0,533.0,158.0,27.0,0.0,143.0,47.0,100,57.0,23.0,24.0,3.0,338.0,148.0,205.0,466.0,111.0,25.0,74.0,4.0,474.0,3.0,11.0,9.0,30.0,Newcastle Utd,DF,MF
Paul Dummett,wal WAL,27.0,13.6,502.0,450.0,52.0,11.0,0.0,104.0,11.0,15,0.0,0.0,0.0,0.0,262.0,71.0,169.0,382.0,30.0,29.0,41.0,3.0,358.0,2.0,12.0,6.0,16.0,Newcastle Utd,DF,
Ciaran Clark,ie IRL,29.0,13.2,322.0,297.0,25.0,10.0,0.0,58.0,7.0,0,0.0,0.0,0.0,0.0,182.0,43.0,97.0,227.0,42.0,24.0,15.0,1.0,253.0,0.0,9.0,2.0,4.0,Newcastle Utd,DF,
Emil Krafth,se SWE,24.0,11.3,433.0,358.0,75.0,7.0,0.0,51.0,8.0,20,0.0,0.0,0.0,0.0,243.0,73.0,117.0,21.0,316.0,20.0,68.0,2.0,316.0,3.0,5.0,11.0,21.0,Newcastle Utd,DF,
DeAndre Yedlin,us USA,26.0,10.4,316.0,274.0,42.0,1.0,0.0,49.0,5.0,26,0.0,0.0,0.0,0.0,142.0,73.0,101.0,14.0,234.0,20.0,41.0,3.0,228.0,0.0,7.0,3.0,10.0,Newcastle Utd,DF,
Danny Rose,eng ENG,29.0,9.6,419.0,358.0,61.0,14.0,0.0,49.0,8.0,8,0.0,0.0,0.0,0.0,247.0,86.0,86.0,298.0,49.0,18.0,47.0,0.0,325.0,2.0,6.0,5.0,15.0,Newcastle Utd,DF,
Dwight Gayle,eng ENG,28.0,9.4,150.0,135.0,15.0,1.0,1.0,47.0,4.0,3,0.0,0.0,0.0,0.0,83.0,34.0,33.0,20.0,95.0,14.0,2.0,2.0,110.0,1.0,5.0,2.0,4.0,Newcastle Utd,FW,
Nabil Bentaleb,dz ALG,24.0,8.3,404.0,392.0,12.0,12.0,0.0,63.0,19.0,0,0.0,0.0,0.0,0.0,292.0,57.0,55.0,308.0,60.0,18.0,0.0,3.0,347.0,1.0,9.0,8.0,7.0,Newcastle Utd,MF,
Christian Atsu,gh GHA,27.0,8.3,208.0,198.0,10.0,2.0,1.0,45.0,8.0,17,6.0,2.0,2.0,0.0,147.0,20.0,41.0,168.0,26.0,9.0,1.0,0.0,163.0,2.0,5.0,4.0,6.0,Newcastle Utd,FW,MF
Matthew Longstaff,eng ENG,19.0,6.4,237.0,232.0,5.0,3.0,0.0,34.0,5.0,2,0.0,0.0,0.0,0.0,161.0,30.0,46.0,21.0,200.0,13.0,0.0,0.0,193.0,0.0,4.0,6.0,4.0,Newcastle Utd,MF,
Andy Carroll,eng ENG,30.0,7.0,207.0,202.0,5.0,0.0,1.0,102.0,7.0,5,0.0,0.0,0.0,0.0,78.0,63.0,66.0,81.0,45.0,13.0,0.0,11.0,134.0,1.0,7.0,2.0,4.0,Newcastle Utd,FW,
Valentino Lazaro,at AUT,23.0,5.3,194.0,165.0,29.0,4.0,0.0,30.0,5.0,13,11.0,1.0,4.0,5.0,113.0,35.0,46.0,22.0,148.0,6.0,14.0,1.0,158.0,1.0,2.0,5.0,3.0,Newcastle Utd,DF,MF
Florian Lejeune,fr FRA,28.0,4.9,187.0,169.0,18.0,6.0,0.0,41.0,8.0,2,0.0,0.0,0.0,0.0,106.0,23.0,58.0,40.0,120.0,7.0,12.0,0.0,136.0,0.0,7.0,3.0,2.0,Newcastle Utd,DF,
Yoshinori Mutō,jp JPN,27.0,2.4,31.0,29.0,2.0,1.0,0.0,11.0,0.0,1,0.0,0.0,0.0,0.0,23.0,6.0,2.0,10.0,19.0,0.0,0.0,1.0,26.0,0.0,0.0,0.0,1.0,Newcastle Utd,FW,MF
Ki Sung-yueng,kr KOR,30.0,1.5,67.0,61.0,6.0,3.0,0.0,13.0,8.0,4,3.0,3.0,0.0,0.0,45.0,11.0,11.0,5.0,57.0,3.0,0.0,0.0,59.0,0.0,0.0,1.0,0.0,Newcastle Utd,MF,
Kelland Watts,eng ENG,19.0,0.2,4.0,4.0,0.0,0.0,0.0,1.0,0.0,0,0.0,0.0,0.0,0.0,1.0,0.0,3.0,2.0,2.0,0.0,0.0,0.0,1.0,0.0,0.0,0.0,0.0,Newcastle Utd,DF,
Max Aarons,eng ENG,19.0,36.0,1684.0,1356.0,328.0,27.0,1.0,291.0,10.0,72,0.0,0.0,0.0,0.0,1018.0,391.0,275.0,219.0,1102.0,45.0,301.0,2.0,1316.0,0.0,33.0,22.0,70.0,Norwich City,DF,
Tim Krul,nl NED,31.0,36.0,1550.0,1111.0,439.0,105.0,0.0,225.0,38.0,0,0.0,0.0,0.0,0.0,697.0,127.0,726.0,1001.0,301.0,1.0,1.0,178.0,1046.0,3.0,46.0,5.0,4.0,Norwich City,GK,
Teemu Pukki,fi FIN,29.0,32.1,522.0,455.0,67.0,0.0,3.0,137.0,3.0,9,0.0,0.0,0.0,0.0,381.0,100.0,41.0,96.0,378.0,27.0,2.0,16.0,421.0,0.0,4.0,8.0,25.0,Norwich City,FW,
Kenny McLean,sco SCO,27.0,33.0,1689.0,1600.0,89.0,48.0,4.0,378.0,58.0,53,20.0,8.0,12.0,0.0,1077.0,324.0,288.0,1199.0,314.0,77.0,18.0,8.0,1324.0,8.0,35.0,36.0,36.0,Norwich City,MF,
Ben Godfrey,eng ENG,21.0,29.4,1606.0,1559.0,47.0,35.0,1.0,256.0,76.0,3,0.0,0.0,0.0,0.0,1244.0,162.0,200.0,139.0,1369.0,53.0,12.0,2.0,1413.0,1.0,35.0,18.0,16.0,Norwich City,DF,
Todd Cantwell,eng ENG,21.0,27.7,1106.0,1069.0,37.0,13.0,1.0,259.0,29.0,25,4.0,0.0,1.0,0.0,818.0,181.0,107.0,93.0,950.0,30.0,15.0,9.0,884.0,6.0,35.0,23.0,38.0,Norwich City,FW,MF
Emi Buendía,ar ARG,22.0,27.4,1534.0,1343.0,191.0,66.0,16.0,378.0,87.0,166,108.0,46.0,50.0,10.0,1040.0,201.0,293.0,199.0,1272.0,29.0,17.0,2.0,1144.0,8.0,27.0,37.0,52.0,Norwich City,FW,MF
Alexander Tettey,no NOR,33.0,26.0,1242.0,1229.0,13.0,11.0,1.0,280.0,19.0,4,1.0,0.0,0.0,0.0,968.0,143.0,131.0,163.0,963.0,79.0,1.0,9.0,1100.0,0.0,12.0,11.0,13.0,Norwich City,MF,DF
Jamal Lewis,nir NIR,21.0,25.6,1306.0,1050.0,256.0,14.0,1.0,214.0,19.0,44,0.0,0.0,0.0,0.0,766.0,325.0,215.0,901.0,128.0,26.0,242.0,1.0,1036.0,3.0,22.0,30.0,53.0,Norwich City,DF,
Christoph Zimmermann,de GER,26.0,15.9,609.0,588.0,21.0,18.0,0.0,124.0,16.0,0,0.0,0.0,0.0,0.0,372.0,80.0,157.0,77.0,484.0,31.0,3.0,2.0,492.0,0.0,14.0,5.0,8.0,Norwich City,DF,
Sam Byram,eng ENG,25.0,14.4,763.0,624.0,139.0,11.0,0.0,145.0,2.0,7,0.0,0.0,0.0,0.0,406.0,199.0,158.0,107.0,450.0,54.0,128.0,5.0,625.0,2.0,17.0,7.0,16.0,Norwich City,DF,
Onel Hernández,cu CUB,26.0,15.4,335.0,326.0,9.0,0.0,1.0,86.0,2.0,24,1.0,0.0,0.0,0.0,252.0,52.0,31.0,59.0,253.0,11.0,7.0,2.0,248.0,0.0,1.0,6.0,18.0,Norwich City,FW,MF
Grant Hanley,sco SCO,27.0,14.0,639.0,606.0,33.0,33.0,0.0,97.0,21.0,0,0.0,0.0,0.0,0.0,464.0,64.0,111.0,66.0,527.0,32.0,0.0,1.0,538.0,2.0,14.0,4.0,6.0,Norwich City,DF,
Marco Stiepermann,de GER,28.0,13.1,405.0,385.0,20.0,0.0,3.0,120.0,4.0,6,0.0,0.0,0.0,0.0,284.0,67.0,54.0,342.0,37.0,15.0,2.0,2.0,291.0,1.0,10.0,10.0,26.0,Norwich City,MF,
Tom Trybull,de GER,26.0,12.6,597.0,578.0,19.0,19.0,0.0,128.0,16.0,0,0.0,0.0,0.0,0.0,464.0,78.0,55.0,78.0,481.0,29.0,0.0,1.0,551.0,0.0,6.0,0.0,5.0,Norwich City,MF,
Ondrej Duda,sk SVK,24.0,8.0,382.0,345.0,37.0,10.0,0.0,73.0,17.0,43,24.0,8.0,15.0,0.0,226.0,82.0,74.0,41.0,309.0,13.0,1.0,11.0,298.0,0.0,7.0,7.0,13.0,Norwich City,MF,
Ibrahim Amadou,fr FRA,26.0,8.4,361.0,354.0,7.0,4.0,0.0,68.0,5.0,1,0.0,0.0,0.0,0.0,285.0,35.0,41.0,23.0,314.0,17.0,2.0,1.0,310.0,1.0,4.0,7.0,5.0,Norwich City,DF,MF
Lukas Rupp,de GER,28.0,7.7,260.0,252.0,8.0,2.0,2.0,62.0,2.0,2,0.0,0.0,0.0,0.0,154.0,65.0,41.0,50.0,193.0,9.0,4.0,0.0,196.0,0.0,3.0,9.0,13.0,Norwich City,FW,MF
Moritz Leitner,de GER,26.0,7.6,553.0,527.0,26.0,20.0,2.0,96.0,15.0,5,1.0,1.0,0.0,0.0,434.0,60.0,59.0,88.0,449.0,5.0,4.0,3.0,472.0,5.0,7.0,7.0,13.0,Norwich City,MF,
Timm Klose,ch SUI,31.0,6.5,390.0,376.0,14.0,11.0,0.0,35.0,10.0,0,0.0,0.0,0.0,0.0,288.0,39.0,63.0,115.0,232.0,27.0,3.0,3.0,331.0,1.0,5.0,5.0,4.0,Norwich City,DF,
Mario Vrančić,ba BIH,30.0,7.1,433.0,420.0,13.0,10.0,2.0,95.0,9.0,7,1.0,1.0,0.0,0.0,275.0,71.0,87.0,325.0,70.0,25.0,2.0,2.0,338.0,3.0,4.0,11.0,7.0,Norwich City,MF,
Josip Drmić,ch SUI,26.0,7.2,164.0,152.0,12.0,0.0,0.0,49.0,5.0,3,2.0,2.0,0.0,0.0,102.0,44.0,18.0,19.0,121.0,7.0,1.0,9.0,125.0,0.0,4.0,4.0,3.0,Norwich City,FW,MF
Adam Idah,ie IRL,18.0,2.5,48.0,43.0,5.0,0.0,0.0,16.0,0.0,0,0.0,0.0,0.0,0.0,28.0,17.0,3.0,6.0,34.0,3.0,1.0,2.0,37.0,0.0,1.0,1.0,2.0,Norwich City,FW,MF
Michael McGovern,nir NIR,35.0,1.8,51.0,32.0,19.0,5.0,0.0,5.0,2.0,0,0.0,0.0,0.0,0.0,24.0,1.0,26.0,4.0,36.0,0.0,0.0,10.0,31.0,0.0,1.0,0.0,0.0,Norwich City,GK,
Ralf Fährmann,de GER,30.0,0.2,10.0,7.0,3.0,0.0,0.0,0.0,0.0,0,0.0,0.0,0.0,0.0,6.0,1.0,3.0,2.0,6.0,0.0,0.0,2.0,7.0,0.0,1.0,0.0,0.0,Norwich City,GK,
Dennis Srbeny,de GER,25.0,0.5,23.0,23.0,0.0,0.0,0.0,4.0,0.0,0,0.0,0.0,0.0,0.0,16.0,6.0,1.0,6.0,12.0,3.0,0.0,1.0,17.0,0.0,1.0,0.0,1.0,Norwich City,MF,FW
Josh Martin,eng ENG,17.0,0.4,16.0,16.0,0.0,0.0,0.0,7.0,0.0,0,0.0,0.0,0.0,0.0,13.0,1.0,2.0,5.0,11.0,0.0,0.0,0.0,12.0,0.0,0.0,1.0,1.0,Norwich City,FW,
Patrick Roberts,eng ENG,22.0,0.3,10.0,9.0,1.0,0.0,0.0,1.0,1.0,0,0.0,0.0,0.0,0.0,7.0,2.0,1.0,9.0,1.0,0.0,0.0,0.0,7.0,0.0,0.0,1.0,0.0,Norwich City,MF,FW
Akin Famewo,eng ENG,20.0,0.0,0.0,0.0,0.0,0.0,0.0,0.0,0.0,0,0.0,0.0,0.0,0.0,0.0,0.0,0.0,0.0,0.0,0.0,0.0,0.0,0.0,0.0,0.0,0.0,0.0,Norwich City,MF,
Jordan Thomas,eng ENG,,0.0,0.0,0.0,0.0,0.0,0.0,0.0,0.0,0,0.0,0.0,0.0,0.0,0.0,0.0,0.0,0.0,0.0,0.0,0.0,0.0,0.0,0.0,0.0,0.0,0.0,Norwich City,FW,
George Baldock,eng ENG,26.0,38.0,1552.0,1249.0,303.0,7.0,1.0,271.0,25.0,128,1.0,1.0,0.0,0.0,765.0,371.0,416.0,51.0,1108.0,69.0,295.0,7.0,1173.0,4.0,32.0,17.0,87.0,Sheffield Utd,DF,
Enda Stevens,ie IRL,29.0,37.2,1897.0,1574.0,323.0,7.0,1.0,352.0,28.0,121,0.0,0.0,0.0,0.0,1023.0,424.0,450.0,1353.0,136.0,70.0,316.0,2.0,1406.0,6.0,32.0,38.0,89.0,Sheffield Utd,DF,
Chris Basham,eng ENG,31.0,36.0,1461.0,1290.0,171.0,20.0,0.0,247.0,35.0,50,0.0,0.0,0.0,0.0,773.0,252.0,436.0,117.0,1003.0,139.0,151.0,5.0,1084.0,5.0,48.0,13.0,28.0,Sheffield Utd,DF,
Oliver Norwood,nir NIR,28.0,34.3,2148.0,1928.0,220.0,92.0,2.0,351.0,205.0,198,121.0,85.0,17.0,8.0,1122.0,367.0,659.0,76.0,1914.0,112.0,7.0,4.0,1664.0,12.0,71.0,24.0,30.0,Sheffield Utd,MF,
Dean Henderson,eng ENG,22.0,36.0,1035.0,658.0,377.0,119.0,0.0,75.0,26.0,0,0.0,0.0,0.0,0.0,131.0,58.0,846.0,61.0,739.0,0.0,0.0,100.0,424.0,3.0,57.0,3.0,6.0,Sheffield Utd,GK,
John Egan,ie IRL,26.0,35.4,1212.0,1180.0,32.0,28.0,0.0,190.0,49.0,2,0.0,0.0,0.0,0.0,768.0,155.0,289.0,142.0,894.0,114.0,4.0,4.0,1017.0,2.0,30.0,2.0,6.0,Sheffield Utd,DF,
Jack O'Connell,eng ENG,25.0,32.4,1555.0,1467.0,88.0,30.0,2.0,248.0,71.0,51,0.0,0.0,0.0,0.0,875.0,212.0,468.0,1269.0,61.0,110.0,58.0,4.0,1156.0,5.0,42.0,9.0,39.0,Sheffield Utd,DF,
John Fleck,sco SCO,27.0,28.0,1164.0,1030.0,134.0,31.0,3.0,224.0,63.0,147,77.0,50.0,10.0,5.0,680.0,215.0,269.0,987.0,96.0,57.0,7.0,8.0,854.0,8.0,23.0,22.0,48.0,Sheffield Utd,MF,
John Lundstram,eng ENG,25.0,27.3,1202.0,1179.0,23.0,8.0,4.0,262.0,51.0,55,3.0,2.0,0.0,1.0,759.0,229.0,214.0,320.0,800.0,54.0,3.0,6.0,966.0,9.0,28.0,20.0,32.0,Sheffield Utd,MF,
Oliver McBurnie,sco SCO,23.0,23.5,630.0,614.0,16.0,0.0,0.0,265.0,3.0,10,0.0,0.0,0.0,0.0,276.0,179.0,175.0,24.0,342.0,95.0,3.0,18.0,407.0,4.0,6.0,14.0,30.0,Sheffield Utd,FW,
David McGoldrick,ie IRL,31.0,20.2,623.0,609.0,14.0,1.0,4.0,167.0,18.0,8,0.0,0.0,0.0,0.0,406.0,117.0,100.0,57.0,462.0,37.0,1.0,8.0,475.0,10.0,16.0,10.0,20.0,Sheffield Utd,FW,
Sander Berge,no NOR,21.0,10.5,386.0,377.0,9.0,6.0,0.0,106.0,9.0,23,0.0,0.0,0.0,0.0,261.0,70.0,55.0,36.0,302.0,19.0,3.0,2.0,298.0,0.0,12.0,4.0,14.0,Sheffield Utd,MF,
Lys Mousset,fr FRA,23.0,13.8,239.0,231.0,8.0,0.0,1.0,72.0,1.0,4,0.0,0.0,0.0,0.0,173.0,42.0,24.0,24.0,191.0,11.0,1.0,4.0,176.0,1.0,6.0,6.0,11.0,Sheffield Utd,FW,
Billy Sharp,eng ENG,33.0,11.7,222.0,216.0,6.0,0.0,1.0,69.0,2.0,12,0.0,0.0,0.0,0.0,134.0,57.0,31.0,21.0,170.0,18.0,0.0,5.0,162.0,1.0,3.0,7.0,12.0,Sheffield Utd,FW,
Callum Robinson,ie IRL,24.0,7.5,155.0,146.0,9.0,0.0,1.0,38.0,9.0,15,0.0,0.0,0.0,0.0,105.0,26.0,24.0,31.0,114.0,4.0,1.0,2.0,117.0,0.0,5.0,3.0,7.0,Sheffield Utd,FW,
Ben Osborn,eng ENG,24.0,6.6,259.0,245.0,14.0,2.0,1.0,64.0,5.0,16,3.0,0.0,1.0,1.0,143.0,64.0,52.0,198.0,33.0,11.0,9.0,1.0,179.0,2.0,10.0,4.0,13.0,Sheffield Utd,MF,DF
Jack Robinson,eng ENG,25.0,5.6,257.0,230.0,27.0,9.0,1.0,23.0,9.0,6,0.0,0.0,0.0,0.0,160.0,22.0,75.0,184.0,32.0,16.0,18.0,1.0,193.0,0.0,13.0,1.0,7.0,Sheffield Utd,DF,
Luke Freeman,eng ENG,27.0,4.1,150.0,143.0,7.0,0.0,0.0,37.0,2.0,15,7.0,4.0,1.0,0.0,92.0,31.0,27.0,124.0,18.0,4.0,0.0,0.0,110.0,0.0,7.0,2.0,11.0,Sheffield Utd,MF,
Muhamed Bešić,ba BIH,26.0,2.8,106.0,104.0,2.0,2.0,0.0,24.0,5.0,1,0.0,0.0,0.0,0.0,69.0,20.0,17.0,14.0,80.0,8.0,0.0,0.0,86.0,0.0,0.0,3.0,5.0,Sheffield Utd,MF,
Phil Jagielka,eng ENG,36.0,2.7,74.0,71.0,3.0,0.0,0.0,11.0,3.0,1,0.0,0.0,0.0,0.0,47.0,6.0,21.0,11.0,55.0,2.0,3.0,0.0,59.0,0.0,4.0,0.0,1.0,Sheffield Utd,DF,
Simon Moore,eng ENG,29.0,2.0,48.0,25.0,23.0,12.0,0.0,1.0,3.0,0,0.0,0.0,0.0,0.0,8.0,1.0,39.0,3.0,33.0,0.0,0.0,4.0,19.0,0.0,3.0,1.0,0.0,Sheffield Utd,GK,
Richairo Živković,nl NED,22.0,1.2,18.0,15.0,3.0,0.0,0.0,4.0,0.0,1,0.0,0.0,0.0,0.0,12.0,3.0,3.0,3.0,15.0,0.0,0.0,0.0,16.0,0.0,1.0,0.0,0.0,Sheffield Utd,FW,
Leon Clarke,eng ENG,34.0,0.4,7.0,7.0,0.0,0.0,0.0,2.0,0.0,0,0.0,0.0,0.0,0.0,2.0,3.0,2.0,2.0,2.0,1.0,0.0,0.0,5.0,0.0,0.0,0.0,0.0,Sheffield Utd,FW,MF
Jack Rodwell,eng ENG,28.0,0.2,2.0,2.0,0.0,0.0,0.0,0.0,0.0,0,0.0,0.0,0.0,0.0,1.0,1.0,0.0,1.0,1.0,0.0,0.0,0.0,2.0,0.0,0.0,0.0,0.0,Sheffield Utd,MF,
Ravel Morrison,eng ENG,26.0,0.1,6.0,6.0,0.0,0.0,0.0,2.0,0.0,0,0.0,0.0,0.0,0.0,5.0,1.0,0.0,1.0,5.0,0.0,0.0,0.0,4.0,0.0,0.0,1.0,1.0,Sheffield Utd,MF,
Kieron Freeman,wal WAL,27.0,0.1,2.0,2.0,0.0,0.0,0.0,1.0,0.0,0,0.0,0.0,0.0,0.0,1.0,1.0,0.0,0.0,2.0,0.0,0.0,0.0,2.0,0.0,0.0,0.0,0.0,Sheffield Utd,FW,
James Ward-Prowse,eng ENG,24.0,38.0,1971.0,1609.0,362.0,87.0,6.0,286.0,98.0,265,182.0,82.0,74.0,19.0,1033.0,324.0,614.0,170.0,1534.0,152.0,53.0,10.0,1458.0,4.0,29.0,25.0,41.0,Southampton,MF,DF
Jan Bednarek,pl POL,23.0,34.0,1434.0,1371.0,63.0,28.0,1.0,177.0,25.0,1,0.0,0.0,0.0,0.0,906.0,153.0,375.0,224.0,975.0,140.0,34.0,4.0,1143.0,3.0,26.0,12.0,16.0,Southampton,DF,
Danny Ings,eng ENG,27.0,31.2,678.0,663.0,15.0,0.0,3.0,171.0,17.0,29,0.0,0.0,0.0,0.0,351.0,152.0,175.0,87.0,508.0,52.0,1.0,7.0,437.0,7.0,19.0,15.0,34.0,Southampton,FW,
Nathan Redmond,eng ENG,25.0,30.7,1061.0,1043.0,18.0,1.0,5.0,298.0,37.0,42,0.0,0.0,0.0,0.0,701.0,190.0,170.0,80.0,925.0,33.0,3.0,3.0,781.0,6.0,25.0,28.0,45.0,Southampton,MF,FW
Ryan Bertrand,eng ENG,29.0,30.5,1656.0,1239.0,417.0,48.0,0.0,257.0,45.0,117,25.0,7.0,10.0,7.0,833.0,336.0,487.0,1083.0,88.0,93.0,344.0,6.0,1244.0,6.0,29.0,29.0,61.0,Southampton,DF,
Pierre Højbjerg,dk DEN,23.0,30.6,1810.0,1745.0,65.0,41.0,2.0,374.0,51.0,28,1.0,0.0,0.0,0.0,1114.0,310.0,386.0,308.0,1298.0,132.0,19.0,16.0,1413.0,3.0,60.0,18.0,35.0,Southampton,MF,
Alex McCarthy,eng ENG,29.0,28.0,815.0,535.0,280.0,103.0,0.0,99.0,34.0,0,0.0,0.0,0.0,0.0,215.0,46.0,554.0,88.0,570.0,0.0,0.0,74.0,441.0,5.0,32.0,4.0,2.0,Southampton,GK,
Jack Stephens,eng ENG,25.0,27.2,1199.0,1149.0,50.0,37.0,3.0,197.0,35.0,5,0.0,0.0,0.0,0.0,718.0,121.0,360.0,62.0,1010.0,92.0,13.0,2.0,906.0,6.0,37.0,8.0,23.0,Southampton,DF,
Oriol Romeu,es ESP,27.0,20.7,1038.0,1018.0,20.0,19.0,4.0,210.0,21.0,6,0.0,0.0,0.0,0.0,673.0,169.0,196.0,190.0,736.0,75.0,1.0,8.0,866.0,1.0,11.0,15.0,11.0,Southampton,MF,
Stuart Armstrong,sco SCO,27.0,19.1,612.0,593.0,19.0,0.0,2.0,157.0,8.0,23,0.0,0.0,0.0,0.0,390.0,136.0,86.0,131.0,432.0,22.0,15.0,4.0,466.0,2.0,10.0,16.0,32.0,Southampton,MF,
Jannik Vestergaard,dk DEN,26.0,16.6,799.0,753.0,46.0,20.0,2.0,137.0,21.0,1,0.0,0.0,0.0,0.0,536.0,81.0,182.0,235.0,447.0,59.0,26.0,3.0,641.0,1.0,22.0,4.0,6.0,Southampton,DF,
Cédric Soares,pt POR,27.0,14.5,724.0,527.0,197.0,11.0,0.0,117.0,19.0,52,0.0,0.0,0.0,0.0,271.0,208.0,245.0,64.0,414.0,44.0,186.0,3.0,522.0,3.0,12.0,11.0,14.0,Southampton,DF,
Shane Long,ie IRL,32.0,15.5,405.0,400.0,5.0,0.0,0.0,169.0,8.0,20,0.0,0.0,0.0,0.0,134.0,146.0,125.0,48.0,184.0,56.0,1.0,24.0,226.0,1.0,15.0,6.0,28.0,Southampton,FW,
Che Adams,eng ENG,23.0,12.3,265.0,257.0,8.0,0.0,3.0,73.0,8.0,14,0.0,0.0,0.0,0.0,160.0,67.0,38.0,18.0,211.0,11.0,0.0,5.0,184.0,1.0,9.0,8.0,20.0,Southampton,FW,
Moussa Djenepo,ml MLI,21.0,10.3,264.0,254.0,10.0,0.0,3.0,56.0,5.0,23,0.0,0.0,0.0,0.0,169.0,62.0,33.0,60.0,176.0,11.0,9.0,5.0,191.0,1.0,7.0,8.0,8.0,Southampton,MF,DF
Angus Gunn,eng ENG,23.0,10.0,256.0,144.0,112.0,33.0,0.0,19.0,9.0,0,0.0,0.0,0.0,0.0,58.0,11.0,187.0,8.0,202.0,0.0,0.0,24.0,111.0,0.0,10.0,2.0,0.0,Southampton,GK,
Yan Valery,fr FRA,20.0,8.7,318.0,222.0,96.0,2.0,0.0,65.0,7.0,12,0.0,0.0,0.0,0.0,121.0,84.0,113.0,14.0,181.0,15.0,94.0,1.0,198.0,0.0,20.0,7.0,16.0,Southampton,DF,
Sofiane Boufal,ma MAR,25.0,8.5,325.0,317.0,8.0,1.0,1.0,96.0,8.0,27,1.0,0.0,0.0,0.0,222.0,54.0,49.0,62.0,236.0,12.0,6.0,1.0,247.0,0.0,9.0,6.0,14.0,Southampton,MF,FW
Michael Obafemi,ie IRL,19.0,7.4,144.0,142.0,2.0,0.0,1.0,50.0,1.0,2,0.0,0.0,0.0,0.0,92.0,37.0,15.0,14.0,112.0,7.0,0.0,5.0,112.0,0.0,3.0,6.0,9.0,Southampton,FW,
Kyle Walker-Peters,eng ENG,22.0,7.8,436.0,333.0,103.0,9.0,1.0,52.0,3.0,12,0.0,0.0,0.0,0.0,252.0,75.0,109.0,35.0,291.0,13.0,94.0,1.0,337.0,0.0,5.0,5.0,17.0,Southampton,DF,
Maya Yoshida,jp JPN,30.0,6.2,247.0,239.0,8.0,5.0,0.0,32.0,8.0,0,0.0,0.0,0.0,0.0,171.0,24.0,52.0,49.0,174.0,14.0,3.0,4.0,207.0,1.0,7.0,3.0,3.0,Southampton,DF,
William Smallbone,ie IRL,19.0,4.4,210.0,203.0,7.0,1.0,1.0,38.0,6.0,5,0.0,0.0,0.0,0.0,142.0,34.0,34.0,31.0,170.0,4.0,1.0,1.0,175.0,0.0,3.0,3.0,5.0,Southampton,MF,
Kevin Danso,at AUT,20.0,3.1,159.0,125.0,34.0,1.0,0.0,32.0,4.0,4,0.0,0.0,0.0,0.0,93.0,24.0,42.0,10.0,105.0,6.0,33.0,0.0,115.0,0.0,4.0,5.0,3.0,Southampton,DF,
Jake Vokins,eng ENG,19.0,1.0,73.0,61.0,12.0,1.0,1.0,11.0,1.0,1,0.0,0.0,0.0,0.0,31.0,19.0,23.0,48.0,10.0,2.0,11.0,2.0,60.0,0.0,0.0,1.0,1.0,Southampton,DF,
Nathan Tella,eng ENG,20.0,0.0,1.0,1.0,0.0,0.0,0.0,1.0,0.0,0,0.0,0.0,0.0,0.0,0.0,0.0,1.0,0.0,0.0,0.0,0.0,0.0,0.0,0.0,0.0,0.0,0.0,Southampton,FW,
Toby Alderweireld,be BEL,30.0,32.9,1895.0,1814.0,81.0,72.0,6.0,205.0,65.0,8,0.0,0.0,0.0,0.0,1238.0,190.0,467.0,340.0,1402.0,101.0,9.0,7.0,1567.0,10.0,39.0,9.0,12.0,Tottenham,DF,
Serge Aurier,ci CIV,26.0,30.0,1654.0,1380.0,274.0,16.0,1.0,274.0,21.0,134,0.0,0.0,0.0,0.0,915.0,418.0,321.0,171.0,1092.0,94.0,258.0,3.0,1262.0,3.0,27.0,31.0,70.0,Tottenham,DF,
Harry Kane,eng ENG,26.0,28.7,592.0,561.0,31.0,5.0,6.0,184.0,17.0,21,0.0,0.0,0.0,0.0,315.0,164.0,113.0,63.0,434.0,32.0,6.0,9.0,394.0,2.0,14.0,19.0,33.0,Tottenham,FW,
Son Heung-min,kr KOR,27.0,27.5,882.0,802.0,80.0,12.0,6.0,201.0,33.0,77,47.0,20.0,14.0,7.0,629.0,143.0,110.0,118.0,714.0,23.0,15.0,4.0,705.0,1.0,10.0,15.0,43.0,Tottenham,FW,MF
Moussa Sissoko,fr FRA,29.0,27.2,1279.0,1212.0,67.0,21.0,2.0,196.0,23.0,23,0.0,0.0,0.0,0.0,960.0,186.0,133.0,125.0,1025.0,47.0,46.0,12.0,1106.0,3.0,14.0,24.0,23.0,Tottenham,MF,
Davinson Sánchez,co COL,23.0,27.0,1496.0,1457.0,39.0,24.0,0.0,218.0,42.0,2,0.0,0.0,0.0,0.0,1142.0,160.0,194.0,201.0,1181.0,70.0,15.0,4.0,1298.0,2.0,17.0,13.0,20.0,Tottenham,DF,
Harry Winks,eng ENG,23.0,24.7,1656.0,1583.0,73.0,43.0,5.0,237.0,47.0,27,7.0,3.0,2.0,1.0,1282.0,173.0,201.0,206.0,1389.0,42.0,5.0,5.0,1466.0,2.0,18.0,22.0,12.0,Tottenham,MF,
Lucas Moura,br BRA,26.0,24.9,799.0,782.0,17.0,5.0,6.0,219.0,6.0,19,4.0,2.0,1.0,0.0,518.0,157.0,124.0,81.0,633.0,37.0,5.0,3.0,581.0,3.0,9.0,20.0,38.0,Tottenham,FW,MF
Dele Alli,eng ENG,23.0,20.5,805.0,747.0,58.0,9.0,6.0,195.0,8.0,7,4.0,0.0,0.0,1.0,587.0,139.0,79.0,33.0,702.0,30.0,17.0,8.0,621.0,6.0,8.0,16.0,37.0,Tottenham,MF,FW
Hugo Lloris,fr FRA,32.0,20.1,568.0,381.0,187.0,38.0,0.0,49.0,14.0,0,0.0,0.0,0.0,0.0,235.0,38.0,295.0,331.0,113.0,0.0,0.0,82.0,395.0,2.0,9.0,1.0,1.0,Tottenham,GK,
Jan Vertonghen,be BEL,32.0,18.3,1112.0,1009.0,103.0,38.0,0.0,166.0,28.0,18,0.0,0.0,0.0,0.0,764.0,147.0,201.0,726.0,249.0,47.0,65.0,1.0,930.0,1.0,9.0,13.0,23.0,Tottenham,DF,
Paulo Gazzaniga,ar ARG,27.0,17.9,516.0,350.0,166.0,26.0,1.0,63.0,10.0,0,0.0,0.0,0.0,0.0,223.0,15.0,278.0,21.0,393.0,0.0,0.0,58.0,319.0,2.0,14.0,0.0,2.0,Tottenham,GK,
Ben Davies,wal WAL,26.0,15.9,956.0,786.0,170.0,16.0,1.0,125.0,12.0,30,0.0,0.0,0.0,0.0,545.0,199.0,212.0,653.0,80.0,41.0,154.0,2.0,730.0,2.0,14.0,25.0,32.0,Tottenham,DF,
Giovani Lo Celso,ar ARG,23.0,16.6,1005.0,922.0,83.0,37.0,2.0,178.0,45.0,56,40.0,18.0,9.0,7.0,684.0,162.0,159.0,847.0,116.0,20.0,6.0,9.0,832.0,4.0,10.0,16.0,21.0,Tottenham,MF,FW
Eric Dier,eng ENG,25.0,14.9,876.0,857.0,19.0,18.0,0.0,140.0,28.0,3,0.0,0.0,0.0,0.0,597.0,100.0,179.0,118.0,653.0,55.0,1.0,2.0,713.0,4.0,13.0,16.0,7.0,Tottenham,DF,MF
Érik Lamela,ar ARG,27.0,13.5,596.0,541.0,55.0,9.0,2.0,143.0,24.0,49,40.0,28.0,7.0,1.0,431.0,77.0,88.0,518.0,57.0,13.0,1.0,7.0,469.0,2.0,7.0,16.0,23.0,Tottenham,MF,FW
Tanguy Ndombele,fr FRA,22.0,11.2,629.0,608.0,21.0,15.0,0.0,137.0,13.0,12,6.0,1.0,1.0,2.0,507.0,65.0,57.0,59.0,555.0,10.0,0.0,1.0,532.0,4.0,8.0,10.0,19.0,Tottenham,MF,
Christian Eriksen,dk DEN,27.0,12.2,743.0,659.0,84.0,26.0,4.0,119.0,35.0,72,46.0,18.0,16.0,5.0,468.0,111.0,164.0,173.0,532.0,23.0,10.0,2.0,549.0,4.0,9.0,18.0,19.0,Tottenham,MF,FW
Danny Rose,eng ENG,29.0,9.9,572.0,480.0,92.0,17.0,0.0,69.0,5.0,39,1.0,0.0,1.0,0.0,353.0,91.0,128.0,412.0,67.0,13.0,74.0,0.0,435.0,3.0,1.0,15.0,22.0,Tottenham,DF,
Steven Bergwijn,nl NED,21.0,7.8,259.0,247.0,12.0,4.0,0.0,68.0,2.0,10,3.0,2.0,0.0,0.0,178.0,50.0,31.0,11.0,224.0,11.0,2.0,5.0,225.0,0.0,5.0,2.0,3.0,Tottenham,FW,MF
Japhet Tanganga,eng ENG,20.0,5.8,232.0,195.0,37.0,4.0,0.0,38.0,5.0,2,0.0,0.0,0.0,0.0,135.0,59.0,38.0,21.0,151.0,13.0,33.0,1.0,188.0,0.0,5.0,3.0,11.0,Tottenham,DF,
Ryan Sessegnon,eng ENG,19.0,3.8,195.0,168.0,27.0,2.0,0.0,39.0,5.0,13,1.0,0.0,1.0,0.0,119.0,42.0,34.0,151.0,11.0,4.0,24.0,0.0,145.0,0.0,1.0,4.0,8.0,Tottenham,DF,
Kyle Walker-Peters,eng ENG,22.0,2.7,214.0,187.0,27.0,4.0,0.0,32.0,3.0,8,0.0,0.0,0.0,0.0,154.0,33.0,27.0,15.0,171.0,5.0,23.0,0.0,183.0,1.0,1.0,3.0,6.0,Tottenham,DF,
Oliver Skipp,eng ENG,18.0,0.9,38.0,38.0,0.0,0.0,0.0,5.0,1.0,0,0.0,0.0,0.0,0.0,31.0,2.0,5.0,2.0,32.0,4.0,0.0,0.0,33.0,0.0,2.0,2.0,0.0,Tottenham,MF,DF
Juan Foyth,ar ARG,21.0,0.8,60.0,52.0,8.0,1.0,0.0,12.0,3.0,0,0.0,0.0,0.0,0.0,44.0,8.0,8.0,6.0,46.0,0.0,7.0,0.0,53.0,1.0,1.0,1.0,0.0,Tottenham,DF,
Gedson Fernandes,pt POR,20.0,0.8,51.0,44.0,7.0,1.0,0.0,11.0,0.0,6,0.0,0.0,0.0,0.0,30.0,14.0,7.0,4.0,39.0,2.0,6.0,0.0,40.0,0.0,1.0,0.0,3.0,Tottenham,MF,DF
Victor Wanyama,ke KEN,28.0,0.3,19.0,17.0,2.0,1.0,0.0,2.0,1.0,0,0.0,0.0,0.0,0.0,12.0,4.0,3.0,0.0,16.0,2.0,1.0,0.0,18.0,0.0,0.0,0.0,0.0,Tottenham,MF,
Troy Parrott,ie IRL,17.0,0.1,5.0,4.0,1.0,0.0,0.0,2.0,0.0,0,0.0,0.0,0.0,0.0,3.0,2.0,0.0,2.0,2.0,0.0,1.0,0.0,5.0,0.0,0.0,0.0,0.0,Tottenham,MF,
Georges-Kévin N'Koudou,fr FRA,24.0,0.0,0.0,0.0,0.0,0.0,0.0,0.0,0.0,0,0.0,0.0,0.0,0.0,0.0,0.0,0.0,0.0,0.0,0.0,0.0,0.0,0.0,0.0,0.0,0.0,0.0,Tottenham,FW,
Ben Foster,eng ENG,36.0,38.0,1201.0,734.0,467.0,174.0,0.0,96.0,56.0,0,0.0,0.0,0.0,0.0,174.0,56.0,971.0,793.0,162.0,0.0,1.0,122.0,533.0,13.0,36.0,7.0,3.0,Watford,GK,
Abdoulaye Doucouré,fr FRA,26.0,35.1,1658.0,1645.0,13.0,8.0,2.0,348.0,24.0,26,1.0,0.0,0.0,0.0,1171.0,295.0,192.0,260.0,1283.0,68.0,0.0,6.0,1302.0,4.0,19.0,29.0,64.0,Watford,MF,
Étienne Capoue,fr FRA,31.0,29.2,1430.0,1348.0,82.0,38.0,4.0,185.0,76.0,23,7.0,4.0,3.0,0.0,838.0,246.0,346.0,212.0,1069.0,104.0,3.0,9.0,1158.0,3.0,17.0,15.0,20.0,Watford,MF,
Craig Cathcart,nir NIR,30.0,27.6,864.0,841.0,23.0,18.0,0.0,138.0,32.0,1,0.0,0.0,0.0,0.0,521.0,120.0,223.0,196.0,549.0,75.0,5.0,3.0,719.0,2.0,14.0,7.0,5.0,Watford,DF,
Will Hughes,eng ENG,24.0,25.0,920.0,856.0,64.0,26.0,2.0,170.0,25.0,69,36.0,20.0,5.0,7.0,543.0,188.0,189.0,702.0,148.0,42.0,2.0,6.0,676.0,6.0,18.0,24.0,30.0,Watford,MF,FW
Craig Dawson,eng ENG,29.0,26.2,908.0,878.0,30.0,13.0,1.0,149.0,52.0,4,0.0,0.0,0.0,0.0,531.0,143.0,234.0,53.0,719.0,64.0,17.0,9.0,729.0,5.0,24.0,8.0,13.0,Watford,DF,
Christian Kabasele,be BEL,28.0,25.0,636.0,623.0,13.0,11.0,0.0,96.0,25.0,0,0.0,0.0,0.0,0.0,341.0,99.0,196.0,47.0,511.0,52.0,2.0,2.0,484.0,1.0,13.0,8.0,7.0,Watford,DF,
Kiko Femenía,es ESP,28.0,24.9,1290.0,1008.0,282.0,16.0,0.0,164.0,23.0,68,2.0,1.0,1.0,0.0,680.0,301.0,309.0,145.0,807.0,55.0,264.0,4.0,996.0,1.0,21.0,31.0,37.0,Watford,DF,
Troy Deeney,eng ENG,31.0,24.7,707.0,685.0,22.0,0.0,4.0,257.0,6.0,10,1.0,0.0,0.0,0.0,243.0,254.0,210.0,26.0,397.0,122.0,1.0,13.0,405.0,6.0,24.0,17.0,30.0,Watford,FW,
Gerard Deulofeu,es ESP,25.0,23.3,823.0,731.0,92.0,30.0,3.0,178.0,25.0,91,33.0,14.0,11.0,4.0,544.0,151.0,128.0,66.0,732.0,9.0,8.0,6.0,603.0,4.0,9.0,20.0,48.0,Watford,FW,
Ismaila Sarr,sn SEN,21.0,22.5,602.0,592.0,10.0,2.0,3.0,143.0,12.0,97,1.0,0.0,1.0,0.0,401.0,113.0,88.0,41.0,526.0,15.0,1.0,5.0,438.0,3.0,13.0,15.0,29.0,Watford,FW,MF
Adam Masina,it ITA,25.0,20.2,934.0,716.0,218.0,17.0,0.0,162.0,39.0,68,8.0,5.0,1.0,1.0,322.0,168.0,444.0,568.0,62.0,67.0,193.0,5.0,582.0,6.0,23.0,8.0,32.0,Watford,DF,
Roberto Pereyra,ar ARG,28.0,18.3,654.0,614.0,40.0,5.0,4.0,121.0,15.0,31,22.0,9.0,6.0,1.0,410.0,140.0,104.0,91.0,503.0,36.0,12.0,7.0,538.0,1.0,10.0,16.0,18.0,Watford,FW,MF
Adrian Mariappa,jm JAM,32.0,16.8,585.0,451.0,134.0,7.0,1.0,73.0,12.0,21,0.0,0.0,0.0,0.0,253.0,121.0,211.0,44.0,356.0,42.0,127.0,0.0,426.0,2.0,15.0,6.0,10.0,Watford,DF,
José Holebas,gr GRE,35.0,11.4,608.0,422.0,186.0,17.0,0.0,85.0,31.0,70,36.0,12.0,17.0,5.0,252.0,133.0,223.0,373.0,48.0,32.0,133.0,0.0,431.0,1.0,11.0,10.0,11.0,Watford,DF,
Tom Cleverley,eng ENG,29.0,10.8,469.0,441.0,28.0,14.0,1.0,72.0,14.0,28,6.0,1.0,2.0,2.0,280.0,79.0,110.0,54.0,377.0,26.0,5.0,2.0,366.0,3.0,9.0,4.0,10.0,Watford,MF,
Nathaniel Chalobah,eng ENG,24.0,10.3,358.0,335.0,23.0,7.0,2.0,89.0,15.0,21,13.0,2.0,2.0,5.0,211.0,76.0,71.0,61.0,259.0,22.0,2.0,0.0,263.0,1.0,7.0,6.0,18.0,Watford,MF,
Danny Welbeck,eng ENG,28.0,9.1,168.0,160.0,8.0,0.0,0.0,44.0,1.0,1,1.0,0.0,1.0,0.0,113.0,31.0,24.0,8.0,128.0,11.0,2.0,2.0,131.0,0.0,1.0,2.0,6.0,Watford,FW,MF
Andre Gray,eng ENG,28.0,8.4,155.0,147.0,8.0,0.0,2.0,55.0,2.0,5,0.0,0.0,0.0,0.0,96.0,41.0,18.0,33.0,101.0,8.0,0.0,5.0,102.0,0.0,4.0,6.0,16.0,Watford,FW,
Daryl Janmaat,nl NED,30.0,6.7,341.0,287.0,54.0,1.0,0.0,64.0,9.0,23,0.0,0.0,0.0,0.0,173.0,90.0,78.0,43.0,237.0,8.0,53.0,0.0,257.0,0.0,7.0,4.0,17.0,Watford,DF,
Dimitri Foulquier,fr FRA,26.0,0.7,13.0,12.0,1.0,0.0,0.0,5.0,0.0,1,0.0,0.0,0.0,0.0,7.0,4.0,2.0,2.0,10.0,0.0,1.0,0.0,10.0,0.0,1.0,0.0,1.0,Watford,MF,DF
Sebastian Prödl,at AUT,32.0,0.6,10.0,10.0,0.0,0.0,0.0,2.0,0.0,0,0.0,0.0,0.0,0.0,3.0,2.0,5.0,1.0,6.0,1.0,0.0,0.0,6.0,0.0,1.0,0.0,0.0,Watford,DF,
Ignacio Pussetto,ar ARG,23.0,0.8,31.0,27.0,4.0,1.0,0.0,5.0,1.0,4,0.0,0.0,0.0,0.0,9.0,9.0,13.0,4.0,18.0,5.0,3.0,0.0,18.0,0.0,1.0,1.0,0.0,Watford,FW,DF
Isaac Success,ng NGA,23.0,0.8,21.0,21.0,0.0,0.0,0.0,12.0,0.0,2,0.0,0.0,0.0,0.0,12.0,7.0,2.0,1.0,15.0,1.0,0.0,3.0,14.0,0.0,0.0,1.0,2.0,Watford,FW,MF
João Pedro,br BRA,17.0,0.3,14.0,14.0,0.0,0.0,0.0,5.0,0.0,3,0.0,0.0,0.0,0.0,10.0,1.0,3.0,4.0,9.0,0.0,0.0,0.0,10.0,0.0,0.0,0.0,1.0,Watford,FW,MF
Domingos Quina,pt POR,19.0,0.2,9.0,9.0,0.0,0.0,0.0,0.0,0.0,0,0.0,0.0,0.0,0.0,8.0,1.0,0.0,0.0,9.0,0.0,0.0,0.0,9.0,0.0,0.0,0.0,0.0,Watford,MF,
Declan Rice,eng ENG,20.0,38.0,1717.0,1685.0,32.0,28.0,2.0,323.0,81.0,26,0.0,0.0,0.0,0.0,1192.0,236.0,289.0,300.0,1286.0,89.0,4.0,2.0,1476.0,3.0,36.0,21.0,26.0,West Ham,MF,
Mark Noble,eng ENG,32.0,29.7,1499.0,1387.0,112.0,62.0,5.0,268.0,66.0,40,14.0,9.0,2.0,1.0,890.0,287.0,322.0,104.0,1319.0,54.0,9.0,2.0,1217.0,8.0,28.0,28.0,45.0,West Ham,MF,
Angelo Ogbonna,it ITA,31.0,31.0,945.0,925.0,20.0,20.0,0.0,172.0,24.0,1,0.0,0.0,0.0,0.0,577.0,118.0,250.0,568.0,238.0,74.0,0.0,5.0,744.0,5.0,22.0,2.0,8.0,West Ham,DF,
Issa Diop,fr FRA,22.0,30.7,948.0,906.0,42.0,41.0,0.0,135.0,17.0,1,0.0,0.0,0.0,0.0,620.0,102.0,226.0,130.0,686.0,88.0,1.0,2.0,755.0,2.0,29.0,12.0,16.0,West Ham,DF,
Aaron Cresswell,eng ENG,29.0,30.3,1681.0,1292.0,389.0,45.0,3.0,242.0,38.0,127,19.0,11.0,5.0,0.0,796.0,359.0,526.0,1201.0,81.0,41.0,325.0,1.0,1241.0,6.0,41.0,19.0,77.0,West Ham,DF,
Ryan Fredericks,eng ENG,26.0,24.9,1096.0,884.0,212.0,6.0,0.0,170.0,6.0,58,0.0,0.0,0.0,0.0,571.0,175.0,350.0,89.0,716.0,68.0,206.0,2.0,795.0,3.0,15.0,13.0,47.0,West Ham,DF,
Łukasz Fabiański,pl POL,34.0,23.5,672.0,409.0,263.0,69.0,0.0,61.0,21.0,0,0.0,0.0,0.0,0.0,128.0,40.0,504.0,21.0,506.0,0.0,0.0,91.0,378.0,4.0,19.0,1.0,3.0,West Ham,GK,
Sébastien Haller,fr FRA,25.0,25.2,766.0,735.0,31.0,0.0,2.0,322.0,4.0,8,0.0,0.0,0.0,0.0,350.0,199.0,217.0,82.0,439.0,58.0,0.0,23.0,522.0,3.0,8.0,21.0,28.0,West Ham,FW,
Pablo Fornals,es ESP,23.0,24.1,897.0,860.0,37.0,10.0,6.0,222.0,31.0,62,19.0,4.0,9.0,3.0,594.0,167.0,136.0,106.0,753.0,23.0,2.0,5.0,680.0,0.0,13.0,17.0,55.0,West Ham,MF,FW
Felipe Anderson,br BRA,26.0,16.6,934.0,903.0,31.0,9.0,3.0,188.0,23.0,36,5.0,3.0,1.0,0.0,635.0,174.0,125.0,124.0,750.0,31.0,12.0,13.0,725.0,3.0,14.0,28.0,40.0,West Ham,MF,FW
Michail Antonio,eng ENG,29.0,19.6,507.0,467.0,40.0,1.0,5.0,169.0,14.0,49,0.0,0.0,0.0,0.0,249.0,133.0,125.0,49.0,335.0,30.0,25.0,15.0,325.0,4.0,10.0,6.0,36.0,West Ham,FW,
Robert Snodgrass,sco SCO,31.0,16.8,635.0,529.0,106.0,32.0,2.0,113.0,37.0,135,72.0,27.0,24.0,19.0,326.0,103.0,206.0,541.0,53.0,29.0,1.0,2.0,435.0,3.0,6.0,15.0,24.0,West Ham,MF,FW
Manuel Lanzini,ar ARG,26.0,15.3,798.0,737.0,61.0,18.0,3.0,154.0,29.0,42,32.0,17.0,11.0,1.0,583.0,118.0,97.0,87.0,680.0,17.0,2.0,9.0,674.0,3.0,12.0,15.0,13.0,West Ham,MF,FW
Fabián Balbuena,py PAR,27.0,13.1,487.0,469.0,18.0,13.0,1.0,81.0,21.0,1,0.0,0.0,0.0,0.0,288.0,67.0,132.0,69.0,357.0,31.0,5.0,4.0,361.0,3.0,8.0,8.0,13.0,West Ham,DF,
Tomáš Souček,cz CZE,24.0,11.6,392.0,386.0,6.0,3.0,0.0,95.0,11.0,2,1.0,1.0,0.0,0.0,227.0,68.0,97.0,44.0,270.0,34.0,2.0,0.0,274.0,1.0,6.0,5.0,12.0,West Ham,MF,
Jarrod Bowen,eng ENG,22.0,10.2,276.0,247.0,29.0,4.0,1.0,47.0,22.0,59,25.0,20.0,1.0,0.0,157.0,38.0,81.0,204.0,59.0,9.0,0.0,1.0,188.0,0.0,8.0,2.0,16.0,West Ham,FW,
Andriy Yarmolenko,ua UKR,29.0,11.0,424.0,414.0,10.0,4.0,1.0,92.0,20.0,19,3.0,2.0,0.0,1.0,283.0,67.0,74.0,308.0,94.0,15.0,3.0,1.0,338.0,0.0,8.0,7.0,12.0,West Ham,MF,FW
Arthur Masuaku,cd COD,25.0,10.4,588.0,500.0,88.0,8.0,1.0,140.0,18.0,25,0.0,0.0,0.0,0.0,383.0,112.0,93.0,448.0,33.0,23.0,80.0,0.0,472.0,2.0,7.0,10.0,27.0,West Ham,DF,
Roberto,es ESP,33.0,7.6,232.0,155.0,77.0,36.0,0.0,14.0,2.0,0,0.0,0.0,0.0,0.0,53.0,13.0,166.0,7.0,181.0,0.0,0.0,26.0,113.0,1.0,4.0,0.0,0.0,West Ham,GK,
Pablo Zabaleta,ar ARG,34.0,6.6,326.0,258.0,68.0,4.0,0.0,32.0,3.0,15,0.0,0.0,0.0,0.0,158.0,56.0,112.0,27.0,201.0,29.0,64.0,0.0,247.0,0.0,3.0,3.0,14.0,West Ham,DF,
Jeremy Ngakia,eng ENG,18.0,4.9,161.0,116.0,45.0,0.0,0.0,40.0,3.0,12,0.0,0.0,0.0,0.0,54.0,34.0,73.0,18.0,84.0,8.0,45.0,1.0,89.0,0.0,4.0,8.0,9.0,West Ham,DF,
David Martin,eng ENG,33.0,4.8,124.0,61.0,63.0,19.0,0.0,14.0,1.0,0,0.0,0.0,0.0,0.0,14.0,5.0,105.0,1.0,98.0,0.0,0.0,10.0,55.0,0.0,0.0,1.0,0.0,West Ham,GK,
Ben Johnson,eng ENG,19.0,3.0,161.0,132.0,29.0,0.0,0.0,16.0,8.0,11,0.0,0.0,0.0,0.0,72.0,34.0,55.0,19.0,102.0,8.0,29.0,0.0,111.0,1.0,5.0,5.0,8.0,West Ham,DF,
Jack Wilshere,eng ENG,27.0,2.4,73.0,69.0,4.0,3.0,0.0,15.0,0.0,0,0.0,0.0,0.0,0.0,53.0,10.0,10.0,60.0,5.0,1.0,0.0,2.0,61.0,0.0,2.0,2.0,1.0,West Ham,MF,
Darren Randolph,ie IRL,32.0,2.0,40.0,22.0,18.0,4.0,0.0,1.0,0.0,0,0.0,0.0,0.0,0.0,4.0,1.0,35.0,0.0,30.0,0.0,0.0,3.0,22.0,1.0,0.0,0.0,0.0,West Ham,GK,
Carlos Sánchez,co COL,33.0,1.3,55.0,55.0,0.0,0.0,0.0,15.0,1.0,0,0.0,0.0,0.0,0.0,28.0,13.0,14.0,14.0,32.0,5.0,0.0,2.0,45.0,0.0,0.0,1.0,1.0,West Ham,MF,DF
Javier Hernández,mx MEX,31.0,1.2,22.0,18.0,4.0,0.0,0.0,3.0,0.0,1,0.0,0.0,0.0,0.0,17.0,3.0,2.0,6.0,14.0,1.0,0.0,1.0,19.0,0.0,0.0,0.0,1.0,West Ham,FW,
Albian Ajeti,ch SUI,22.0,1.5,18.0,17.0,1.0,0.0,0.0,5.0,0.0,0,0.0,0.0,0.0,0.0,6.0,8.0,4.0,2.0,12.0,3.0,0.0,0.0,15.0,0.0,0.0,0.0,0.0,West Ham,MF,FW
Nathan Holland,eng ENG,21.0,0.4,14.0,13.0,1.0,0.0,0.0,4.0,0.0,2,0.0,0.0,0.0,0.0,9.0,4.0,1.0,0.0,13.0,0.0,1.0,0.0,11.0,0.0,0.0,0.0,1.0,West Ham,MF,
Conor Coady,eng ENG,26.0,38.0,1782.0,1748.0,34.0,33.0,3.0,218.0,99.0,0,0.0,0.0,0.0,0.0,1059.0,208.0,515.0,68.0,1584.0,106.0,1.0,4.0,1531.0,3.0,25.0,15.0,15.0,Wolves,DF,
Rui Patrício,pt POR,31.0,38.0,862.0,503.0,359.0,77.0,0.0,52.0,35.0,0,0.0,0.0,0.0,0.0,219.0,60.0,583.0,477.0,179.0,3.0,0.0,124.0,550.0,3.0,31.0,5.0,2.0,Wolves,GK,
Raúl Jiménez,mx MEX,28.0,36.0,1009.0,970.0,39.0,3.0,7.0,300.0,37.0,23,1.0,1.0,0.0,0.0,514.0,297.0,198.0,61.0,798.0,46.0,12.0,45.0,732.0,3.0,20.0,27.0,50.0,Wolves,FW,
Rúben Neves,pt POR,22.0,34.0,1974.0,1913.0,61.0,46.0,5.0,310.0,149.0,31,9.0,3.0,4.0,0.0,1133.0,346.0,495.0,157.0,1692.0,97.0,6.0,4.0,1587.0,4.0,46.0,21.0,24.0,Wolves,MF,
João Moutinho,pt POR,32.0,34.5,2022.0,1697.0,325.0,148.0,7.0,336.0,134.0,216,166.0,35.0,73.0,12.0,1005.0,414.0,603.0,122.0,1781.0,92.0,5.0,6.0,1614.0,4.0,33.0,27.0,38.0,Wolves,MF,
Jonny Castro,es ESP,25.0,32.1,1445.0,1132.0,313.0,8.0,0.0,267.0,18.0,52,2.0,1.0,0.0,0.0,821.0,403.0,221.0,336.0,724.0,52.0,303.0,5.0,1177.0,3.0,22.0,23.0,47.0,Wolves,DF,
Matt Doherty,ie IRL,27.0,31.5,1793.0,1454.0,339.0,5.0,1.0,293.0,23.0,44,0.0,0.0,0.0,0.0,887.0,479.0,427.0,75.0,1180.0,116.0,334.0,12.0,1369.0,3.0,27.0,35.0,59.0,Wolves,DF,
Leander Dendoncker,be BEL,24.0,31.1,1284.0,1267.0,17.0,14.0,1.0,191.0,41.0,8,0.0,0.0,0.0,0.0,908.0,178.0,198.0,209.0,907.0,103.0,2.0,2.0,1087.0,4.0,8.0,20.0,25.0,Wolves,MF,DF
Romain Saïss,ma MAR,29.0,30.1,1541.0,1494.0,47.0,37.0,1.0,187.0,61.0,9,0.0,0.0,0.0,0.0,953.0,225.0,363.0,1232.0,137.0,97.0,10.0,5.0,1252.0,4.0,32.0,18.0,31.0,Wolves,DF,
Adama Traoré,es ESP,23.0,28.9,942.0,888.0,54.0,0.0,3.0,257.0,36.0,182,0.0,0.0,0.0,0.0,514.0,169.0,259.0,85.0,741.0,21.0,54.0,7.0,621.0,1.0,19.0,20.0,70.0,Wolves,FW,MF
Diogo Jota,pt POR,22.0,25.4,861.0,822.0,39.0,0.0,0.0,206.0,22.0,33,1.0,0.0,0.0,0.0,584.0,165.0,112.0,261.0,548.0,22.0,5.0,7.0,681.0,4.0,14.0,15.0,47.0,Wolves,FW,MF
Willy Boly,fr FRA,28.0,22.0,959.0,941.0,18.0,14.0,4.0,148.0,14.0,2,0.0,0.0,0.0,0.0,658.0,103.0,198.0,103.0,755.0,53.0,4.0,3.0,793.0,3.0,14.0,9.0,12.0,Wolves,DF,
Pedro Neto,pt POR,19.0,10.4,397.0,368.0,29.0,8.0,0.0,91.0,14.0,47,12.0,1.0,5.0,0.0,261.0,81.0,55.0,302.0,68.0,16.0,2.0,4.0,303.0,1.0,8.0,7.0,20.0,Wolves,FW,MF
Ryan Bennett,eng ENG,29.0,6.7,239.0,224.0,15.0,3.0,0.0,41.0,8.0,4,0.0,0.0,0.0,0.0,134.0,26.0,79.0,14.0,180.0,17.0,12.0,2.0,185.0,1.0,5.0,3.0,1.0,Wolves,DF,
Rúben Vinagre,pt POR,20.0,7.2,344.0,269.0,75.0,5.0,0.0,64.0,8.0,30,0.0,0.0,0.0,0.0,171.0,95.0,78.0,237.0,24.0,7.0,70.0,1.0,257.0,0.0,9.0,4.0,21.0,Wolves,DF,
Patrick Cutrone,it ITA,21.0,3.3,56.0,49.0,7.0,0.0,0.0,21.0,2.0,6,0.0,0.0,0.0,0.0,33.0,11.0,12.0,9.0,40.0,1.0,0.0,3.0,38.0,0.0,4.0,1.0,0.0,Wolves,FW,
Daniel Podence,pt POR,23.0,3.2,105.0,102.0,3.0,0.0,1.0,18.0,0.0,5,2.0,0.0,1.0,0.0,75.0,13.0,17.0,12.0,90.0,3.0,0.0,0.0,74.0,1.0,3.0,2.0,3.0,Wolves,FW,MF
Max Kilman,eng ENG,22.0,2.1,90.0,90.0,0.0,0.0,0.0,14.0,1.0,0,0.0,0.0,0.0,0.0,67.0,9.0,14.0,76.0,6.0,4.0,0.0,1.0,72.0,2.0,1.0,1.0,1.0,Wolves,DF,
Jesús Vallejo,es ESP,22.0,1.8,104.0,103.0,1.0,1.0,0.0,13.0,3.0,0,0.0,0.0,0.0,0.0,70.0,11.0,23.0,5.0,94.0,2.0,0.0,0.0,81.0,0.0,5.0,1.0,1.0,Wolves,DF,
Morgan Gibbs-White,eng ENG,19.0,1.4,82.0,80.0,2.0,1.0,1.0,17.0,0.0,3,0.0,0.0,0.0,0.0,49.0,17.0,16.0,3.0,68.0,5.0,1.0,2.0,66.0,1.0,2.0,1.0,1.0,Wolves,MF,FW
Bruno Jordão,pt POR,20.0,0.1,5.0,5.0,0.0,0.0,0.0,0.0,0.0,0,0.0,0.0,0.0,0.0,3.0,1.0,1.0,1.0,4.0,0.0,0.0,0.0,2.0,0.0,0.0,0.0,2.0,Wolves,FW,
